"Index","SID","SEASON","NAME","BASIN","SUBBASIN","min_dist_km","time_at_min_dist","lat_at_min_dist","lon_at_min_dist","max_wind_kt","time_at_max_wind","min_pres_mb","time_at_min_pres","track_points_within_500km","points_inside_insar_bbox","event_time_utc","event_time_hkt","window_start_hkt","window_end_hkt","observed_points","water_level_datum","status","max_observed_total_level_m_cd","max_observed_time_hkt","predicted_tide_at_observed_peak_m_cd","surge_residual_at_observed_peak_m","max_surge_residual_m","max_surge_residual_time_hkt","observed_level_at_max_residual_m_cd","station","psmsl_id","station_lat","station_lon","scenario","scenario_code","year","quantile","total_slr_m","vlm_m","slr_no_vlm_m","surge_m","water_level_m","slr_reference_period","source_dataset","source_version","source_record_doi","source_concept_doi","source_file","source_variable","source_location_id","source_confidence","source_quantile","source_unit","background_vlm_included","total_slr_field_semantics","vlm_field_semantics","reference_period_source","reference_period_url","water_level_semantics","station_datum_offset_applied","extraction_date","primary_baseline_source","psmsl_metric_baseline_period","psmsl_metric_mean_chart_datum_m","chart_datum_to_egm2008_m","station_epoch_alignment_method","station_epoch_midpoint_shift_years","station_epoch_alignment_m","station_epoch_alignment_ci95_low_m","station_epoch_alignment_ci95_high_m","h0_egm2008_ar6_1995_2014_m","station_datum_ci95_m","absolute_water_level_egm2008_m","absolute_water_level_egm2008_datum_ci95_low_m","absolute_water_level_egm2008_datum_ci95_high_m","absolute_water_level_formula","chart_datum_offset_applied_to_ar6_increment","h0_egm2008_mdt_1993_2012_m_sensitivity","h0_egm2008_mdt_aligned_ar6_m_sensitivity","mdt_minus_station_h0_m","source_station","historical_total_level_egm2008_m","historical_tide_egm2008_m","future_total_level_egm2008_m","future_total_level_egm2008_ci95_low_m","future_total_level_egm2008_ci95_high_m","event_boundary_formula","storm_surge_added_again","model","land_mask","base_mask","ols_mask","added_mask","base_flood_area_km2","ols_flood_area_km2","added_by_ols_subsidence_area_km2","population_year","population_method","base_exposed_population","ols_exposed_population","added_exposed_population","nearest_base_population_sensitivity","nearest_ols_population_sensitivity","nearest_added_population_sensitivity","area_closure_error_km2","population_closure_error"
"10","2018250N12170","2018","MANGKHUT","WP","MM","75.862","2018-09-16 07:00:00","21.6","113.2","100.0","2018-09-15 21:00:00","945.0","2018-09-15 21:00:00","18","6","2018-09-16 07:00:00+00:00","2018-09-16 15:00:00","2018-09-14 15:00:00","2018-09-18 15:00:00","1041","HKO Chart Datum","observed_and_predicted_available","3.77","2018-09-16 15:20:00","1.5533333333333337","2.216666666666667","2.274166666666667","2018-09-16 16:55:00","3.73","SHEK_PIK","1902","22.22","113.89","SSP2-4.5","ssp245","2050","50","0.211","0.0","0.211","0.0","0.211","1995-2014","IPCC AR6 Sea Level Projections regional no-VLM confidence outputs","20210809","10.5281/zenodo.6382554","10.5281/zenodo.5914709","total_ssp245_medium_confidence_values.nc","sea_level_change","1902","medium_confidence","0.5","mm","False","direct_AR6_regional_total_excluding_background_VLM","zero_because_background_VLM_is_excluded_not_measured_zero","IPCC AR6 WGI Chapter 9 / NASA-IPCC AR6 projection convention","https://www.ipcc.ch/report/ar6/wg1/chapter/chapter-9/","AR6_noVLM_increment_plus_surge_not_absolute_datum","False","2026-08-06","PSMSL_1902_metric_mean_validated_by_HKO_predicted_tides","1998-2014","1.460454545","-0.533521024","PSMSL_RLR_Theil_Sen_trend_times_reference_midpoint_shift","-1.5","0.000535714","-0.0021875","0.002604167","0.927469235","0.116600812","1.138469235","1.021868424","1.255070047","station_H0_EGM2008_1995_2014 + slr_no_vlm_m + surge_m","False","1.481584263","1.480869977","0.553400742","SHEK_PIK","3.236478976","1.0198123093333336","3.4474789759999998","3.3308781639999996","3.564079788","max_observed_total_level_m_cd + chart_datum_to_egm2008_m + slr_no_vlm_m","False","OLS_linear_subsidence_connected_bathtub","GSHHG_2.3.7_full_resolution_pixel_center","base_flood_connected_event_MANGKHUT_SSP2m4p5_2050.tif","ols_flood_connected_event_MANGKHUT_SSP2m4p5_2050.tif","added_flood_connected_event_MANGKHUT_SSP2m4p5_2050.tif","2743.0787743681954","2769.852278826984","26.773504458788533","2025","fractional_flooded_area_per_population_cell","1032457.7366749103","1053582.2798896416","21124.543236234982","1003196.5865172553","1024817.9732915815","21621.38677432621","-6.750155989720952e-14","-2.1503714378923178e-05"
"10","2018250N12170","2018","MANGKHUT","WP","MM","75.862","2018-09-16 07:00:00","21.6","113.2","100.0","2018-09-15 21:00:00","945.0","2018-09-15 21:00:00","18","6","2018-09-16 07:00:00+00:00","2018-09-16 15:00:00","2018-09-14 15:00:00","2018-09-18 15:00:00","1041","HKO Chart Datum","observed_and_predicted_available","3.77","2018-09-16 15:20:00","1.5533333333333337","2.216666666666667","2.274166666666667","2018-09-16 16:55:00","3.73","SHEK_PIK","1902","22.22","113.89","SSP2-4.5","ssp245","2100","50","0.588","0.0","0.588","0.0","0.588","1995-2014","IPCC AR6 Sea Level Projections regional no-VLM confidence outputs","20210809","10.5281/zenodo.6382554","10.5281/zenodo.5914709","total_ssp245_medium_confidence_values.nc","sea_level_change","1902","medium_confidence","0.5","mm","False","direct_AR6_regional_total_excluding_background_VLM","zero_because_background_VLM_is_excluded_not_measured_zero","IPCC AR6 WGI Chapter 9 / NASA-IPCC AR6 projection convention","https://www.ipcc.ch/report/ar6/wg1/chapter/chapter-9/","AR6_noVLM_increment_plus_surge_not_absolute_datum","False","2026-08-06","PSMSL_1902_metric_mean_validated_by_HKO_predicted_tides","1998-2014","1.460454545","-0.533521024","PSMSL_RLR_Theil_Sen_trend_times_reference_midpoint_shift","-1.5","0.000535714","-0.0021875","0.002604167","0.927469235","0.116600812","1.515469235","1.398868424","1.632070047","station_H0_EGM2008_1995_2014 + slr_no_vlm_m + surge_m","False","1.481584263","1.480869977","0.553400742","SHEK_PIK","3.236478976","1.0198123093333336","3.824478976","3.707878164","3.941079788","max_observed_total_level_m_cd + chart_datum_to_egm2008_m + slr_no_vlm_m","False","OLS_linear_subsidence_connected_bathtub","GSHHG_2.3.7_full_resolution_pixel_center","base_flood_connected_event_MANGKHUT_SSP2m4p5_2100.tif","ols_flood_connected_event_MANGKHUT_SSP2m4p5_2100.tif","added_flood_connected_event_MANGKHUT_SSP2m4p5_2100.tif","2924.853475766851","2981.609967783451","56.756492016600475","2025","fractional_flooded_area_per_population_cell","1337156.4648090722","1384425.6651095022","47269.20034354657","1305984.589572754","1352624.9467638175","46640.35719106358","-3.979039320256561e-13","-4.3116619053762406e-05"
"10","2018250N12170","2018","MANGKHUT","WP","MM","75.862","2018-09-16 07:00:00","21.6","113.2","100.0","2018-09-15 21:00:00","945.0","2018-09-15 21:00:00","18","6","2018-09-16 07:00:00+00:00","2018-09-16 15:00:00","2018-09-14 15:00:00","2018-09-18 15:00:00","1041","HKO Chart Datum","observed_and_predicted_available","3.77","2018-09-16 15:20:00","1.5533333333333337","2.216666666666667","2.274166666666667","2018-09-16 16:55:00","3.73","SHEK_PIK","1902","22.22","113.89","SSP5-8.5","ssp585","2050","50","0.24","0.0","0.24","0.0","0.24","1995-2014","IPCC AR6 Sea Level Projections regional no-VLM confidence outputs","20210809","10.5281/zenodo.6382554","10.5281/zenodo.5914709","total_ssp585_medium_confidence_values.nc","sea_level_change","1902","medium_confidence","0.5","mm","False","direct_AR6_regional_total_excluding_background_VLM","zero_because_background_VLM_is_excluded_not_measured_zero","IPCC AR6 WGI Chapter 9 / NASA-IPCC AR6 projection convention","https://www.ipcc.ch/report/ar6/wg1/chapter/chapter-9/","AR6_noVLM_increment_plus_surge_not_absolute_datum","False","2026-08-06","PSMSL_1902_metric_mean_validated_by_HKO_predicted_tides","1998-2014","1.460454545","-0.533521024","PSMSL_RLR_Theil_Sen_trend_times_reference_midpoint_shift","-1.5","0.000535714","-0.0021875","0.002604167","0.927469235","0.116600812","1.167469235","1.050868424","1.284070047","station_H0_EGM2008_1995_2014 + slr_no_vlm_m + surge_m","False","1.481584263","1.480869977","0.553400742","SHEK_PIK","3.236478976","1.0198123093333336","3.476478976","3.359878164","3.5930797880000003","max_observed_total_level_m_cd + chart_datum_to_egm2008_m + slr_no_vlm_m","False","OLS_linear_subsidence_connected_bathtub","GSHHG_2.3.7_full_resolution_pixel_center","base_flood_connected_event_MANGKHUT_SSP5m8p5_2050.tif","ols_flood_connected_event_MANGKHUT_SSP5m8p5_2050.tif","added_flood_connected_event_MANGKHUT_SSP5m8p5_2050.tif","2756.8416937864163","2783.0824570523655","26.240763265949195","2025","fractional_flooded_area_per_population_cell","1050336.1498685789","1071119.3699291984","20783.220099351554","1021618.030807771","1042969.3736873935","21351.342879622476","3.197442310920451e-14","-3.873202877002768e-05"
"10","2018250N12170","2018","MANGKHUT","WP","MM","75.862","2018-09-16 07:00:00","21.6","113.2","100.0","2018-09-15 21:00:00","945.0","2018-09-15 21:00:00","18","6","2018-09-16 07:00:00+00:00","2018-09-16 15:00:00","2018-09-14 15:00:00","2018-09-18 15:00:00","1041","HKO Chart Datum","observed_and_predicted_available","3.77","2018-09-16 15:20:00","1.5533333333333337","2.216666666666667","2.274166666666667","2018-09-16 16:55:00","3.73","SHEK_PIK","1902","22.22","113.89","SSP5-8.5","ssp585","2100","50","0.805","0.0","0.805","0.0","0.805","1995-2014","IPCC AR6 Sea Level Projections regional no-VLM confidence outputs","20210809","10.5281/zenodo.6382554","10.5281/zenodo.5914709","total_ssp585_medium_confidence_values.nc","sea_level_change","1902","medium_confidence","0.5","mm","False","direct_AR6_regional_total_excluding_background_VLM","zero_because_background_VLM_is_excluded_not_measured_zero","IPCC AR6 WGI Chapter 9 / NASA-IPCC AR6 projection convention","https://www.ipcc.ch/report/ar6/wg1/chapter/chapter-9/","AR6_noVLM_increment_plus_surge_not_absolute_datum","False","2026-08-06","PSMSL_1902_metric_mean_validated_by_HKO_predicted_tides","1998-2014","1.460454545","-0.533521024","PSMSL_RLR_Theil_Sen_trend_times_reference_midpoint_shift","-1.5","0.000535714","-0.0021875","0.002604167","0.927469235","0.116600812","1.732469235","1.615868424","1.849070047","station_H0_EGM2008_1995_2014 + slr_no_vlm_m + surge_m","False","1.481584263","1.480869977","0.553400742","SHEK_PIK","3.236478976","1.0198123093333336","4.041478976","3.9248781639999994","4.158079787999999","max_observed_total_level_m_cd + chart_datum_to_egm2008_m + slr_no_vlm_m","False","OLS_linear_subsidence_connected_bathtub","GSHHG_2.3.7_full_resolution_pixel_center","base_flood_connected_event_MANGKHUT_SSP5m8p5_2100.tif","ols_flood_connected_event_MANGKHUT_SSP5m8p5_2100.tif","added_flood_connected_event_MANGKHUT_SSP5m8p5_2100.tif","3028.5283881908454","3077.1682921152333","48.63990392438761","2025","fractional_flooded_area_per_population_cell","1548250.6285957498","1589188.53957235","40937.910979909706","1518218.970643243","1559148.5326820205","40929.56203877734","2.984279490192421e-13","-3.30957118421793e-06"
"4","2017232N19130","2017","HATO","WP","MM","36.767","2017-08-23 03:00:00","21.9","113.7","100.0","2017-08-23 03:00:00","950.0","2017-08-23 03:00:00","12","3","2017-08-23 03:00:00+00:00","2017-08-23 11:00:00","2017-08-21 11:00:00","2017-08-25 11:00:00","579","HKO Chart Datum","observed_and_predicted_available","3.67","2017-08-23 11:10:00","2.22","1.4500000000000002","1.4500000000000002","2017-08-23 11:10:00","3.67","SHEK_PIK","1902","22.22","113.89","SSP2-4.5","ssp245","2050","50","0.211","0.0","0.211","0.0","0.211","1995-2014","IPCC AR6 Sea Level Projections regional no-VLM confidence outputs","20210809","10.5281/zenodo.6382554","10.5281/zenodo.5914709","total_ssp245_medium_confidence_values.nc","sea_level_change","1902","medium_confidence","0.5","mm","False","direct_AR6_regional_total_excluding_background_VLM","zero_because_background_VLM_is_excluded_not_measured_zero","IPCC AR6 WGI Chapter 9 / NASA-IPCC AR6 projection convention","https://www.ipcc.ch/report/ar6/wg1/chapter/chapter-9/","AR6_noVLM_increment_plus_surge_not_absolute_datum","False","2026-08-06","PSMSL_1902_metric_mean_validated_by_HKO_predicted_tides","1998-2014","1.460454545","-0.533521024","PSMSL_RLR_Theil_Sen_trend_times_reference_midpoint_shift","-1.5","0.000535714","-0.0021875","0.002604167","0.927469235","0.116600812","1.138469235","1.021868424","1.255070047","station_H0_EGM2008_1995_2014 + slr_no_vlm_m + surge_m","False","1.481584263","1.480869977","0.553400742","SHEK_PIK","3.136478976","1.686478976","3.3474789759999997","3.2308781639999995","3.464079788","max_observed_total_level_m_cd + chart_datum_to_egm2008_m + slr_no_vlm_m","False","OLS_linear_subsidence_connected_bathtub","GSHHG_2.3.7_full_resolution_pixel_center","base_flood_connected_event_HATO_SSP2m4p5_2050.tif","ols_flood_connected_event_HATO_SSP2m4p5_2050.tif","added_flood_connected_event_HATO_SSP2m4p5_2050.tif","2693.9382924658626","2720.648131663734","26.70983919787151","2025","fractional_flooded_area_per_population_cell","960817.4745612175","981782.4869574158","20965.012405410864","933879.5195990149","955420.5418528169","21541.022253802046","7.815970093361102e-14","-9.212515578838065e-06"
"4","2017232N19130","2017","HATO","WP","MM","36.767","2017-08-23 03:00:00","21.9","113.7","100.0","2017-08-23 03:00:00","950.0","2017-08-23 03:00:00","12","3","2017-08-23 03:00:00+00:00","2017-08-23 11:00:00","2017-08-21 11:00:00","2017-08-25 11:00:00","579","HKO Chart Datum","observed_and_predicted_available","3.67","2017-08-23 11:10:00","2.22","1.4500000000000002","1.4500000000000002","2017-08-23 11:10:00","3.67","SHEK_PIK","1902","22.22","113.89","SSP2-4.5","ssp245","2100","50","0.588","0.0","0.588","0.0","0.588","1995-2014","IPCC AR6 Sea Level Projections regional no-VLM confidence outputs","20210809","10.5281/zenodo.6382554","10.5281/zenodo.5914709","total_ssp245_medium_confidence_values.nc","sea_level_change","1902","medium_confidence","0.5","mm","False","direct_AR6_regional_total_excluding_background_VLM","zero_because_background_VLM_is_excluded_not_measured_zero","IPCC AR6 WGI Chapter 9 / NASA-IPCC AR6 projection convention","https://www.ipcc.ch/report/ar6/wg1/chapter/chapter-9/","AR6_noVLM_increment_plus_surge_not_absolute_datum","False","2026-08-06","PSMSL_1902_metric_mean_validated_by_HKO_predicted_tides","1998-2014","1.460454545","-0.533521024","PSMSL_RLR_Theil_Sen_trend_times_reference_midpoint_shift","-1.5","0.000535714","-0.0021875","0.002604167","0.927469235","0.116600812","1.515469235","1.398868424","1.632070047","station_H0_EGM2008_1995_2014 + slr_no_vlm_m + surge_m","False","1.481584263","1.480869977","0.553400742","SHEK_PIK","3.136478976","1.686478976","3.724478976","3.6078781639999997","3.841079788","max_observed_total_level_m_cd + chart_datum_to_egm2008_m + slr_no_vlm_m","False","OLS_linear_subsidence_connected_bathtub","GSHHG_2.3.7_full_resolution_pixel_center","base_flood_connected_event_HATO_SSP2m4p5_2100.tif","ols_flood_connected_event_HATO_SSP2m4p5_2100.tif","added_flood_connected_event_HATO_SSP2m4p5_2100.tif","2877.735914588604","2934.140533861944","56.404619273339726","2025","fractional_flooded_area_per_population_cell","1247550.9038112725","1295021.2827819157","47470.37899162049","1216179.5548848212","1263910.693025914","47731.138141092844","1.7763568394002505e-13","-2.097721881000325e-05"
"4","2017232N19130","2017","HATO","WP","MM","36.767","2017-08-23 03:00:00","21.9","113.7","100.0","2017-08-23 03:00:00","950.0","2017-08-23 03:00:00","12","3","2017-08-23 03:00:00+00:00","2017-08-23 11:00:00","2017-08-21 11:00:00","2017-08-25 11:00:00","579","HKO Chart Datum","observed_and_predicted_available","3.67","2017-08-23 11:10:00","2.22","1.4500000000000002","1.4500000000000002","2017-08-23 11:10:00","3.67","SHEK_PIK","1902","22.22","113.89","SSP5-8.5","ssp585","2050","50","0.24","0.0","0.24","0.0","0.24","1995-2014","IPCC AR6 Sea Level Projections regional no-VLM confidence outputs","20210809","10.5281/zenodo.6382554","10.5281/zenodo.5914709","total_ssp585_medium_confidence_values.nc","sea_level_change","1902","medium_confidence","0.5","mm","False","direct_AR6_regional_total_excluding_background_VLM","zero_because_background_VLM_is_excluded_not_measured_zero","IPCC AR6 WGI Chapter 9 / NASA-IPCC AR6 projection convention","https://www.ipcc.ch/report/ar6/wg1/chapter/chapter-9/","AR6_noVLM_increment_plus_surge_not_absolute_datum","False","2026-08-06","PSMSL_1902_metric_mean_validated_by_HKO_predicted_tides","1998-2014","1.460454545","-0.533521024","PSMSL_RLR_Theil_Sen_trend_times_reference_midpoint_shift","-1.5","0.000535714","-0.0021875","0.002604167","0.927469235","0.116600812","1.167469235","1.050868424","1.284070047","station_H0_EGM2008_1995_2014 + slr_no_vlm_m + surge_m","False","1.481584263","1.480869977","0.553400742","SHEK_PIK","3.136478976","1.686478976","3.3764789759999996","3.2598781639999994","3.4930797879999997","max_observed_total_level_m_cd + chart_datum_to_egm2008_m + slr_no_vlm_m","False","OLS_linear_subsidence_connected_bathtub","GSHHG_2.3.7_full_resolution_pixel_center","base_flood_connected_event_HATO_SSP5m8p5_2050.tif","ols_flood_connected_event_HATO_SSP5m8p5_2050.tif","added_flood_connected_event_HATO_SSP5m8p5_2050.tif","2707.3039058961417","2733.383307469395","26.07940157325269","2025","fractional_flooded_area_per_population_cell","980514.672933141","1000541.6697148724","20026.996805679268","953686.9287881686","974093.4907848558","20406.561996687204","4.192202140984591e-13","-2.3947894078446552e-05"
"4","2017232N19130","2017","HATO","WP","MM","36.767","2017-08-23 03:00:00","21.9","113.7","100.0","2017-08-23 03:00:00","950.0","2017-08-23 03:00:00","12","3","2017-08-23 03:00:00+00:00","2017-08-23 11:00:00","2017-08-21 11:00:00","2017-08-25 11:00:00","579","HKO Chart Datum","observed_and_predicted_available","3.67","2017-08-23 11:10:00","2.22","1.4500000000000002","1.4500000000000002","2017-08-23 11:10:00","3.67","SHEK_PIK","1902","22.22","113.89","SSP5-8.5","ssp585","2100","50","0.805","0.0","0.805","0.0","0.805","1995-2014","IPCC AR6 Sea Level Projections regional no-VLM confidence outputs","20210809","10.5281/zenodo.6382554","10.5281/zenodo.5914709","total_ssp585_medium_confidence_values.nc","sea_level_change","1902","medium_confidence","0.5","mm","False","direct_AR6_regional_total_excluding_background_VLM","zero_because_background_VLM_is_excluded_not_measured_zero","IPCC AR6 WGI Chapter 9 / NASA-IPCC AR6 projection convention","https://www.ipcc.ch/report/ar6/wg1/chapter/chapter-9/","AR6_noVLM_increment_plus_surge_not_absolute_datum","False","2026-08-06","PSMSL_1902_metric_mean_validated_by_HKO_predicted_tides","1998-2014","1.460454545","-0.533521024","PSMSL_RLR_Theil_Sen_trend_times_reference_midpoint_shift","-1.5","0.000535714","-0.0021875","0.002604167","0.927469235","0.116600812","1.732469235","1.615868424","1.849070047","station_H0_EGM2008_1995_2014 + slr_no_vlm_m + surge_m","False","1.481584263","1.480869977","0.553400742","SHEK_PIK","3.136478976","1.686478976","3.941478976","3.824878164","4.058079788","max_observed_total_level_m_cd + chart_datum_to_egm2008_m + slr_no_vlm_m","False","OLS_linear_subsidence_connected_bathtub","GSHHG_2.3.7_full_resolution_pixel_center","base_flood_connected_event_HATO_SSP5m8p5_2100.tif","ols_flood_connected_event_HATO_SSP5m8p5_2100.tif","added_flood_connected_event_HATO_SSP5m8p5_2100.tif","2981.7931343289965","3034.697487258818","52.90435292982138","2025","fractional_flooded_area_per_population_cell","1449008.8398269878","1493072.007437462","44063.16762804207","1418862.7785652499","1462481.6457177189","43618.867152468825","9.237055564881302e-14","-1.7567908798810095e-05"
"1","2023234N18128","2023","SAOLA","WP","MM","22.828","2023-09-01 17:00:00","22.0","113.6","115.0","2023-08-31 03:00:00","920.0","2023-08-31 00:00:00","56","19","2023-09-01 17:00:00+00:00","2023-09-02 01:00:00","2023-08-31 01:00:00","2023-09-04 01:00:00","1145","HKO Chart Datum","observed_and_predicted_available","3.04","2023-09-01 10:10:00","2.56","0.48","0.9166666666666664","2023-09-01 13:25:00","2.07","SHEK_PIK","1902","22.22","113.89","SSP2-4.5","ssp245","2050","50","0.211","0.0","0.211","0.0","0.211","1995-2014","IPCC AR6 Sea Level Projections regional no-VLM confidence outputs","20210809","10.5281/zenodo.6382554","10.5281/zenodo.5914709","total_ssp245_medium_confidence_values.nc","sea_level_change","1902","medium_confidence","0.5","mm","False","direct_AR6_regional_total_excluding_background_VLM","zero_because_background_VLM_is_excluded_not_measured_zero","IPCC AR6 WGI Chapter 9 / NASA-IPCC AR6 projection convention","https://www.ipcc.ch/report/ar6/wg1/chapter/chapter-9/","AR6_noVLM_increment_plus_surge_not_absolute_datum","False","2026-08-06","PSMSL_1902_metric_mean_validated_by_HKO_predicted_tides","1998-2014","1.460454545","-0.533521024","PSMSL_RLR_Theil_Sen_trend_times_reference_midpoint_shift","-1.5","0.000535714","-0.0021875","0.002604167","0.927469235","0.116600812","1.138469235","1.021868424","1.255070047","station_H0_EGM2008_1995_2014 + slr_no_vlm_m + surge_m","False","1.481584263","1.480869977","0.553400742","SHEK_PIK","2.506478976","2.026478976","2.7174789759999998","2.6008781639999996","2.834079788","max_observed_total_level_m_cd + chart_datum_to_egm2008_m + slr_no_vlm_m","False","OLS_linear_subsidence_connected_bathtub","GSHHG_2.3.7_full_resolution_pixel_center","base_flood_connected_event_SAOLA_SSP2m4p5_2050.tif","ols_flood_connected_event_SAOLA_SSP2m4p5_2050.tif","added_flood_connected_event_SAOLA_SSP2m4p5_2050.tif","2319.839918932632","2371.430877926223","51.590958993591045","2025","fractional_flooded_area_per_population_cell","560486.8359073381","586542.1314312875","26055.29551447116","538120.4366905855","563072.4969923841","24952.060301798716","-1.4210854715202004e-13","9.478273568674922e-06"
"1","2023234N18128","2023","SAOLA","WP","MM","22.828","2023-09-01 17:00:00","22.0","113.6","115.0","2023-08-31 03:00:00","920.0","2023-08-31 00:00:00","56","19","2023-09-01 17:00:00+00:00","2023-09-02 01:00:00","2023-08-31 01:00:00","2023-09-04 01:00:00","1145","HKO Chart Datum","observed_and_predicted_available","3.04","2023-09-01 10:10:00","2.56","0.48","0.9166666666666664","2023-09-01 13:25:00","2.07","SHEK_PIK","1902","22.22","113.89","SSP2-4.5","ssp245","2100","50","0.588","0.0","0.588","0.0","0.588","1995-2014","IPCC AR6 Sea Level Projections regional no-VLM confidence outputs","20210809","10.5281/zenodo.6382554","10.5281/zenodo.5914709","total_ssp245_medium_confidence_values.nc","sea_level_change","1902","medium_confidence","0.5","mm","False","direct_AR6_regional_total_excluding_background_VLM","zero_because_background_VLM_is_excluded_not_measured_zero","IPCC AR6 WGI Chapter 9 / NASA-IPCC AR6 projection convention","https://www.ipcc.ch/report/ar6/wg1/chapter/chapter-9/","AR6_noVLM_increment_plus_surge_not_absolute_datum","False","2026-08-06","PSMSL_1902_metric_mean_validated_by_HKO_predicted_tides","1998-2014","1.460454545","-0.533521024","PSMSL_RLR_Theil_Sen_trend_times_reference_midpoint_shift","-1.5","0.000535714","-0.0021875","0.002604167","0.927469235","0.116600812","1.515469235","1.398868424","1.632070047","station_H0_EGM2008_1995_2014 + slr_no_vlm_m + surge_m","False","1.481584263","1.480869977","0.553400742","SHEK_PIK","2.506478976","2.026478976","3.094478976","2.977878164","3.211079788","max_observed_total_level_m_cd + chart_datum_to_egm2008_m + slr_no_vlm_m","False","OLS_linear_subsidence_connected_bathtub","GSHHG_2.3.7_full_resolution_pixel_center","base_flood_connected_event_SAOLA_SSP2m4p5_2100.tif","ols_flood_connected_event_SAOLA_SSP2m4p5_2100.tif","added_flood_connected_event_SAOLA_SSP2m4p5_2100.tif","2555.083602317673","2628.7728791779155","73.68927686024266","2025","fractional_flooded_area_per_population_cell","789782.4895431475","849260.2476141175","59477.75814522696","764453.24162497","823012.4652746024","58559.22364963242","-2.1316282072803006e-13","-7.425700459862128e-05"
"1","2023234N18128","2023","SAOLA","WP","MM","22.828","2023-09-01 17:00:00","22.0","113.6","115.0","2023-08-31 03:00:00","920.0","2023-08-31 00:00:00","56","19","2023-09-01 17:00:00+00:00","2023-09-02 01:00:00","2023-08-31 01:00:00","2023-09-04 01:00:00","1145","HKO Chart Datum","observed_and_predicted_available","3.04","2023-09-01 10:10:00","2.56","0.48","0.9166666666666664","2023-09-01 13:25:00","2.07","SHEK_PIK","1902","22.22","113.89","SSP5-8.5","ssp585","2050","50","0.24","0.0","0.24","0.0","0.24","1995-2014","IPCC AR6 Sea Level Projections regional no-VLM confidence outputs","20210809","10.5281/zenodo.6382554","10.5281/zenodo.5914709","total_ssp585_medium_confidence_values.nc","sea_level_change","1902","medium_confidence","0.5","mm","False","direct_AR6_regional_total_excluding_background_VLM","zero_because_background_VLM_is_excluded_not_measured_zero","IPCC AR6 WGI Chapter 9 / NASA-IPCC AR6 projection convention","https://www.ipcc.ch/report/ar6/wg1/chapter/chapter-9/","AR6_noVLM_increment_plus_surge_not_absolute_datum","False","2026-08-06","PSMSL_1902_metric_mean_validated_by_HKO_predicted_tides","1998-2014","1.460454545","-0.533521024","PSMSL_RLR_Theil_Sen_trend_times_reference_midpoint_shift","-1.5","0.000535714","-0.0021875","0.002604167","0.927469235","0.116600812","1.167469235","1.050868424","1.284070047","station_H0_EGM2008_1995_2014 + slr_no_vlm_m + surge_m","False","1.481584263","1.480869977","0.553400742","SHEK_PIK","2.506478976","2.026478976","2.7464789759999997","2.6298781639999995","2.863079788","max_observed_total_level_m_cd + chart_datum_to_egm2008_m + slr_no_vlm_m","False","OLS_linear_subsidence_connected_bathtub","GSHHG_2.3.7_full_resolution_pixel_center","base_flood_connected_event_SAOLA_SSP5m8p5_2050.tif","ols_flood_connected_event_SAOLA_SSP5m8p5_2050.tif","added_flood_connected_event_SAOLA_SSP5m8p5_2050.tif","2339.6758443799154","2390.992101074794","51.31625669487846","2025","fractional_flooded_area_per_population_cell","576560.2840202234","602712.8394639732","26152.555417503132","553550.692565733","578403.3928148096","24852.70024907656","1.1368683772161603e-13","2.6246631023241207e-05"
"1","2023234N18128","2023","SAOLA","WP","MM","22.828","2023-09-01 17:00:00","22.0","113.6","115.0","2023-08-31 03:00:00","920.0","2023-08-31 00:00:00","56","19","2023-09-01 17:00:00+00:00","2023-09-02 01:00:00","2023-08-31 01:00:00","2023-09-04 01:00:00","1145","HKO Chart Datum","observed_and_predicted_available","3.04","2023-09-01 10:10:00","2.56","0.48","0.9166666666666664","2023-09-01 13:25:00","2.07","SHEK_PIK","1902","22.22","113.89","SSP5-8.5","ssp585","2100","50","0.805","0.0","0.805","0.0","0.805","1995-2014","IPCC AR6 Sea Level Projections regional no-VLM confidence outputs","20210809","10.5281/zenodo.6382554","10.5281/zenodo.5914709","total_ssp585_medium_confidence_values.nc","sea_level_change","1902","medium_confidence","0.5","mm","False","direct_AR6_regional_total_excluding_background_VLM","zero_because_background_VLM_is_excluded_not_measured_zero","IPCC AR6 WGI Chapter 9 / NASA-IPCC AR6 projection convention","https://www.ipcc.ch/report/ar6/wg1/chapter/chapter-9/","AR6_noVLM_increment_plus_surge_not_absolute_datum","False","2026-08-06","PSMSL_1902_metric_mean_validated_by_HKO_predicted_tides","1998-2014","1.460454545","-0.533521024","PSMSL_RLR_Theil_Sen_trend_times_reference_midpoint_shift","-1.5","0.000535714","-0.0021875","0.002604167","0.927469235","0.116600812","1.732469235","1.615868424","1.849070047","station_H0_EGM2008_1995_2014 + slr_no_vlm_m + surge_m","False","1.481584263","1.480869977","0.553400742","SHEK_PIK","2.506478976","2.026478976","3.311478976","3.194878164","3.4280797880000002","max_observed_total_level_m_cd + chart_datum_to_egm2008_m + slr_no_vlm_m","False","OLS_linear_subsidence_connected_bathtub","GSHHG_2.3.7_full_resolution_pixel_center","base_flood_connected_event_SAOLA_SSP5m8p5_2100.tif","ols_flood_connected_event_SAOLA_SSP5m8p5_2100.tif","added_flood_connected_event_SAOLA_SSP5m8p5_2100.tif","2677.1245631125557","2746.4186016184335","69.29403850587798","2025","fractional_flooded_area_per_population_cell","935183.9613688162","990743.0193400173","55559.05805988102","908044.6990605369","964086.152625122","56041.45356458507","-1.9895196601282805e-13","-8.867988071870059e-05"
"2","2020229N18123","2020","HIGOS","WP","MM","33.754","2020-08-18 21:00:00","21.9","113.5","70.0","2020-08-18 17:00:00","980.0","2020-08-18 17:00:00","30","14","2020-08-18 21:00:00+00:00","2020-08-19 05:00:00","2020-08-17 05:00:00","2020-08-21 05:00:00","1151","HKO Chart Datum","observed_and_predicted_available","2.97","2020-08-19 07:20:00","2.556666666666666","0.4133333333333335","0.6466666666666665","2020-08-19 00:40:00","1.92","SHEK_PIK","1902","22.22","113.89","SSP2-4.5","ssp245","2050","50","0.211","0.0","0.211","0.0","0.211","1995-2014","IPCC AR6 Sea Level Projections regional no-VLM confidence outputs","20210809","10.5281/zenodo.6382554","10.5281/zenodo.5914709","total_ssp245_medium_confidence_values.nc","sea_level_change","1902","medium_confidence","0.5","mm","False","direct_AR6_regional_total_excluding_background_VLM","zero_because_background_VLM_is_excluded_not_measured_zero","IPCC AR6 WGI Chapter 9 / NASA-IPCC AR6 projection convention","https://www.ipcc.ch/report/ar6/wg1/chapter/chapter-9/","AR6_noVLM_increment_plus_surge_not_absolute_datum","False","2026-08-06","PSMSL_1902_metric_mean_validated_by_HKO_predicted_tides","1998-2014","1.460454545","-0.533521024","PSMSL_RLR_Theil_Sen_trend_times_reference_midpoint_shift","-1.5","0.000535714","-0.0021875","0.002604167","0.927469235","0.116600812","1.138469235","1.021868424","1.255070047","station_H0_EGM2008_1995_2014 + slr_no_vlm_m + surge_m","False","1.481584263","1.480869977","0.553400742","SHEK_PIK","2.436478976","2.023145642666666","2.647478976","2.5308781639999998","2.764079788","max_observed_total_level_m_cd + chart_datum_to_egm2008_m + slr_no_vlm_m","False","OLS_linear_subsidence_connected_bathtub","GSHHG_2.3.7_full_resolution_pixel_center","base_flood_connected_event_HIGOS_SSP2m4p5_2050.tif","ols_flood_connected_event_HIGOS_SSP2m4p5_2050.tif","added_flood_connected_event_HIGOS_SSP2m4p5_2050.tif","2276.1704712865294","2328.539208951117","52.36873766458805","2025","fractional_flooded_area_per_population_cell","521817.80401071184","549640.3974077908","27822.59341154849","500007.72766940214","527288.9918359123","27281.264166510227","-4.831690603168681e-13","-1.4469569578068331e-05"
"2","2020229N18123","2020","HIGOS","WP","MM","33.754","2020-08-18 21:00:00","21.9","113.5","70.0","2020-08-18 17:00:00","980.0","2020-08-18 17:00:00","30","14","2020-08-18 21:00:00+00:00","2020-08-19 05:00:00","2020-08-17 05:00:00","2020-08-21 05:00:00","1151","HKO Chart Datum","observed_and_predicted_available","2.97","2020-08-19 07:20:00","2.556666666666666","0.4133333333333335","0.6466666666666665","2020-08-19 00:40:00","1.92","SHEK_PIK","1902","22.22","113.89","SSP2-4.5","ssp245","2100","50","0.588","0.0","0.588","0.0","0.588","1995-2014","IPCC AR6 Sea Level Projections regional no-VLM confidence outputs","20210809","10.5281/zenodo.6382554","10.5281/zenodo.5914709","total_ssp245_medium_confidence_values.nc","sea_level_change","1902","medium_confidence","0.5","mm","False","direct_AR6_regional_total_excluding_background_VLM","zero_because_background_VLM_is_excluded_not_measured_zero","IPCC AR6 WGI Chapter 9 / NASA-IPCC AR6 projection convention","https://www.ipcc.ch/report/ar6/wg1/chapter/chapter-9/","AR6_noVLM_increment_plus_surge_not_absolute_datum","False","2026-08-06","PSMSL_1902_metric_mean_validated_by_HKO_predicted_tides","1998-2014","1.460454545","-0.533521024","PSMSL_RLR_Theil_Sen_trend_times_reference_midpoint_shift","-1.5","0.000535714","-0.0021875","0.002604167","0.927469235","0.116600812","1.515469235","1.398868424","1.632070047","station_H0_EGM2008_1995_2014 + slr_no_vlm_m + surge_m","False","1.481584263","1.480869977","0.553400742","SHEK_PIK","2.436478976","2.023145642666666","3.024478976","2.907878164","3.1410797880000003","max_observed_total_level_m_cd + chart_datum_to_egm2008_m + slr_no_vlm_m","False","OLS_linear_subsidence_connected_bathtub","GSHHG_2.3.7_full_resolution_pixel_center","base_flood_connected_event_HIGOS_SSP2m4p5_2100.tif","ols_flood_connected_event_HIGOS_SSP2m4p5_2100.tif","added_flood_connected_event_HIGOS_SSP2m4p5_2100.tif","2514.10291156554","2591.6492218618478","77.54631029630738","2025","fractional_flooded_area_per_population_cell","745401.461747702","805737.2974954752","60335.83576616581","719780.2956047924","779303.9197614079","59523.624156615406","2.5579538487363607e-13","-1.8392631318420172e-05"
"2","2020229N18123","2020","HIGOS","WP","MM","33.754","2020-08-18 21:00:00","21.9","113.5","70.0","2020-08-18 17:00:00","980.0","2020-08-18 17:00:00","30","14","2020-08-18 21:00:00+00:00","2020-08-19 05:00:00","2020-08-17 05:00:00","2020-08-21 05:00:00","1151","HKO Chart Datum","observed_and_predicted_available","2.97","2020-08-19 07:20:00","2.556666666666666","0.4133333333333335","0.6466666666666665","2020-08-19 00:40:00","1.92","SHEK_PIK","1902","22.22","113.89","SSP5-8.5","ssp585","2050","50","0.24","0.0","0.24","0.0","0.24","1995-2014","IPCC AR6 Sea Level Projections regional no-VLM confidence outputs","20210809","10.5281/zenodo.6382554","10.5281/zenodo.5914709","total_ssp585_medium_confidence_values.nc","sea_level_change","1902","medium_confidence","0.5","mm","False","direct_AR6_regional_total_excluding_background_VLM","zero_because_background_VLM_is_excluded_not_measured_zero","IPCC AR6 WGI Chapter 9 / NASA-IPCC AR6 projection convention","https://www.ipcc.ch/report/ar6/wg1/chapter/chapter-9/","AR6_noVLM_increment_plus_surge_not_absolute_datum","False","2026-08-06","PSMSL_1902_metric_mean_validated_by_HKO_predicted_tides","1998-2014","1.460454545","-0.533521024","PSMSL_RLR_Theil_Sen_trend_times_reference_midpoint_shift","-1.5","0.000535714","-0.0021875","0.002604167","0.927469235","0.116600812","1.167469235","1.050868424","1.284070047","station_H0_EGM2008_1995_2014 + slr_no_vlm_m + surge_m","False","1.481584263","1.480869977","0.553400742","SHEK_PIK","2.436478976","2.023145642666666","2.6764789760000003","2.559878164","2.7930797880000005","max_observed_total_level_m_cd + chart_datum_to_egm2008_m + slr_no_vlm_m","False","OLS_linear_subsidence_connected_bathtub","GSHHG_2.3.7_full_resolution_pixel_center","base_flood_connected_event_HIGOS_SSP5m8p5_2050.tif","ols_flood_connected_event_HIGOS_SSP5m8p5_2050.tif","added_flood_connected_event_HIGOS_SSP5m8p5_2050.tif","2296.7206953602563","2348.773772337401","52.053076977144485","2025","fractional_flooded_area_per_population_cell","539445.5875855578","565359.3065310471","25913.71894376538","517718.93218650203","542716.9852208995","24998.05303439751","3.979039320256561e-13","1.723885361570865e-06"
"2","2020229N18123","2020","HIGOS","WP","MM","33.754","2020-08-18 21:00:00","21.9","113.5","70.0","2020-08-18 17:00:00","980.0","2020-08-18 17:00:00","30","14","2020-08-18 21:00:00+00:00","2020-08-19 05:00:00","2020-08-17 05:00:00","2020-08-21 05:00:00","1151","HKO Chart Datum","observed_and_predicted_available","2.97","2020-08-19 07:20:00","2.556666666666666","0.4133333333333335","0.6466666666666665","2020-08-19 00:40:00","1.92","SHEK_PIK","1902","22.22","113.89","SSP5-8.5","ssp585","2100","50","0.805","0.0","0.805","0.0","0.805","1995-2014","IPCC AR6 Sea Level Projections regional no-VLM confidence outputs","20210809","10.5281/zenodo.6382554","10.5281/zenodo.5914709","total_ssp585_medium_confidence_values.nc","sea_level_change","1902","medium_confidence","0.5","mm","False","direct_AR6_regional_total_excluding_background_VLM","zero_because_background_VLM_is_excluded_not_measured_zero","IPCC AR6 WGI Chapter 9 / NASA-IPCC AR6 projection convention","https://www.ipcc.ch/report/ar6/wg1/chapter/chapter-9/","AR6_noVLM_increment_plus_surge_not_absolute_datum","False","2026-08-06","PSMSL_1902_metric_mean_validated_by_HKO_predicted_tides","1998-2014","1.460454545","-0.533521024","PSMSL_RLR_Theil_Sen_trend_times_reference_midpoint_shift","-1.5","0.000535714","-0.0021875","0.002604167","0.927469235","0.116600812","1.732469235","1.615868424","1.849070047","station_H0_EGM2008_1995_2014 + slr_no_vlm_m + surge_m","False","1.481584263","1.480869977","0.553400742","SHEK_PIK","2.436478976","2.023145642666666","3.2414789760000002","3.124878164","3.3580797880000004","max_observed_total_level_m_cd + chart_datum_to_egm2008_m + slr_no_vlm_m","False","OLS_linear_subsidence_connected_bathtub","GSHHG_2.3.7_full_resolution_pixel_center","base_flood_connected_event_HIGOS_SSP5m8p5_2100.tif","ols_flood_connected_event_HIGOS_SSP5m8p5_2100.tif","added_flood_connected_event_HIGOS_SSP5m8p5_2100.tif","2640.221266095627","2709.3378101157355","69.1165440201084","2025","fractional_flooded_area_per_population_cell","886113.2565622665","942431.0401943654","56317.78365685599","859157.2288151103","916019.9182018273","56862.689386717044","4.263256414560601e-14","-2.4757056962698698e-05"
"0","2022299N11134","2022","NALGAE","WP","MM","12.254","2022-11-02 21:00:00","22.1","113.6","60.0","2022-10-31 21:00:00","975.0","2022-11-01 00:00:00","18","5","2022-11-02 21:00:00+00:00","2022-11-03 05:00:00","2022-11-01 05:00:00","2022-11-05 05:00:00","1149","HKO Chart Datum","observed_and_predicted_available","2.97","2022-11-02 03:15:00","2.2725","0.6975000000000002","0.8733333333333334","2022-11-02 08:20:00","1.76","SHEK_PIK","1902","22.22","113.89","SSP2-4.5","ssp245","2050","50","0.211","0.0","0.211","0.0","0.211","1995-2014","IPCC AR6 Sea Level Projections regional no-VLM confidence outputs","20210809","10.5281/zenodo.6382554","10.5281/zenodo.5914709","total_ssp245_medium_confidence_values.nc","sea_level_change","1902","medium_confidence","0.5","mm","False","direct_AR6_regional_total_excluding_background_VLM","zero_because_background_VLM_is_excluded_not_measured_zero","IPCC AR6 WGI Chapter 9 / NASA-IPCC AR6 projection convention","https://www.ipcc.ch/report/ar6/wg1/chapter/chapter-9/","AR6_noVLM_increment_plus_surge_not_absolute_datum","False","2026-08-06","PSMSL_1902_metric_mean_validated_by_HKO_predicted_tides","1998-2014","1.460454545","-0.533521024","PSMSL_RLR_Theil_Sen_trend_times_reference_midpoint_shift","-1.5","0.000535714","-0.0021875","0.002604167","0.927469235","0.116600812","1.138469235","1.021868424","1.255070047","station_H0_EGM2008_1995_2014 + slr_no_vlm_m + surge_m","False","1.481584263","1.480869977","0.553400742","SHEK_PIK","2.436478976","1.7389789759999998","2.647478976","2.5308781639999998","2.764079788","max_observed_total_level_m_cd + chart_datum_to_egm2008_m + slr_no_vlm_m","False","OLS_linear_subsidence_connected_bathtub","GSHHG_2.3.7_full_resolution_pixel_center","base_flood_connected_event_NALGAE_SSP2m4p5_2050.tif","ols_flood_connected_event_NALGAE_SSP2m4p5_2050.tif","added_flood_connected_event_NALGAE_SSP2m4p5_2050.tif","2276.1704712865294","2328.539208951117","52.36873766458805","2025","fractional_flooded_area_per_population_cell","521817.80401071184","549640.3974077908","27822.59341154849","500007.72766940214","527288.9918359123","27281.264166510227","-4.831690603168681e-13","-1.4469569578068331e-05"
"0","2022299N11134","2022","NALGAE","WP","MM","12.254","2022-11-02 21:00:00","22.1","113.6","60.0","2022-10-31 21:00:00","975.0","2022-11-01 00:00:00","18","5","2022-11-02 21:00:00+00:00","2022-11-03 05:00:00","2022-11-01 05:00:00","2022-11-05 05:00:00","1149","HKO Chart Datum","observed_and_predicted_available","2.97","2022-11-02 03:15:00","2.2725","0.6975000000000002","0.8733333333333334","2022-11-02 08:20:00","1.76","SHEK_PIK","1902","22.22","113.89","SSP2-4.5","ssp245","2100","50","0.588","0.0","0.588","0.0","0.588","1995-2014","IPCC AR6 Sea Level Projections regional no-VLM confidence outputs","20210809","10.5281/zenodo.6382554","10.5281/zenodo.5914709","total_ssp245_medium_confidence_values.nc","sea_level_change","1902","medium_confidence","0.5","mm","False","direct_AR6_regional_total_excluding_background_VLM","zero_because_background_VLM_is_excluded_not_measured_zero","IPCC AR6 WGI Chapter 9 / NASA-IPCC AR6 projection convention","https://www.ipcc.ch/report/ar6/wg1/chapter/chapter-9/","AR6_noVLM_increment_plus_surge_not_absolute_datum","False","2026-08-06","PSMSL_1902_metric_mean_validated_by_HKO_predicted_tides","1998-2014","1.460454545","-0.533521024","PSMSL_RLR_Theil_Sen_trend_times_reference_midpoint_shift","-1.5","0.000535714","-0.0021875","0.002604167","0.927469235","0.116600812","1.515469235","1.398868424","1.632070047","station_H0_EGM2008_1995_2014 + slr_no_vlm_m + surge_m","False","1.481584263","1.480869977","0.553400742","SHEK_PIK","2.436478976","1.7389789759999998","3.024478976","2.907878164","3.1410797880000003","max_observed_total_level_m_cd + chart_datum_to_egm2008_m + slr_no_vlm_m","False","OLS_linear_subsidence_connected_bathtub","GSHHG_2.3.7_full_resolution_pixel_center","base_flood_connected_event_NALGAE_SSP2m4p5_2100.tif","ols_flood_connected_event_NALGAE_SSP2m4p5_2100.tif","added_flood_connected_event_NALGAE_SSP2m4p5_2100.tif","2514.10291156554","2591.6492218618478","77.54631029630738","2025","fractional_flooded_area_per_population_cell","745401.461747702","805737.2974954752","60335.83576616581","719780.2956047924","779303.9197614079","59523.624156615406","2.5579538487363607e-13","-1.8392631318420172e-05"
"0","2022299N11134","2022","NALGAE","WP","MM","12.254","2022-11-02 21:00:00","22.1","113.6","60.0","2022-10-31 21:00:00","975.0","2022-11-01 00:00:00","18","5","2022-11-02 21:00:00+00:00","2022-11-03 05:00:00","2022-11-01 05:00:00","2022-11-05 05:00:00","1149","HKO Chart Datum","observed_and_predicted_available","2.97","2022-11-02 03:15:00","2.2725","0.6975000000000002","0.8733333333333334","2022-11-02 08:20:00","1.76","SHEK_PIK","1902","22.22","113.89","SSP5-8.5","ssp585","2050","50","0.24","0.0","0.24","0.0","0.24","1995-2014","IPCC AR6 Sea Level Projections regional no-VLM confidence outputs","20210809","10.5281/zenodo.6382554","10.5281/zenodo.5914709","total_ssp585_medium_confidence_values.nc","sea_level_change","1902","medium_confidence","0.5","mm","False","direct_AR6_regional_total_excluding_background_VLM","zero_because_background_VLM_is_excluded_not_measured_zero","IPCC AR6 WGI Chapter 9 / NASA-IPCC AR6 projection convention","https://www.ipcc.ch/report/ar6/wg1/chapter/chapter-9/","AR6_noVLM_increment_plus_surge_not_absolute_datum","False","2026-08-06","PSMSL_1902_metric_mean_validated_by_HKO_predicted_tides","1998-2014","1.460454545","-0.533521024","PSMSL_RLR_Theil_Sen_trend_times_reference_midpoint_shift","-1.5","0.000535714","-0.0021875","0.002604167","0.927469235","0.116600812","1.167469235","1.050868424","1.284070047","station_H0_EGM2008_1995_2014 + slr_no_vlm_m + surge_m","False","1.481584263","1.480869977","0.553400742","SHEK_PIK","2.436478976","1.7389789759999998","2.6764789760000003","2.559878164","2.7930797880000005","max_observed_total_level_m_cd + chart_datum_to_egm2008_m + slr_no_vlm_m","False","OLS_linear_subsidence_connected_bathtub","GSHHG_2.3.7_full_resolution_pixel_center","base_flood_connected_event_NALGAE_SSP5m8p5_2050.tif","ols_flood_connected_event_NALGAE_SSP5m8p5_2050.tif","added_flood_connected_event_NALGAE_SSP5m8p5_2050.tif","2296.7206953602563","2348.773772337401","52.053076977144485","2025","fractional_flooded_area_per_population_cell","539445.5875855578","565359.3065310471","25913.71894376538","517718.93218650203","542716.9852208995","24998.05303439751","3.979039320256561e-13","1.723885361570865e-06"
"0","2022299N11134","2022","NALGAE","WP","MM","12.254","2022-11-02 21:00:00","22.1","113.6","60.0","2022-10-31 21:00:00","975.0","2022-11-01 00:00:00","18","5","2022-11-02 21:00:00+00:00","2022-11-03 05:00:00","2022-11-01 05:00:00","2022-11-05 05:00:00","1149","HKO Chart Datum","observed_and_predicted_available","2.97","2022-11-02 03:15:00","2.2725","0.6975000000000002","0.8733333333333334","2022-11-02 08:20:00","1.76","SHEK_PIK","1902","22.22","113.89","SSP5-8.5","ssp585","2100","50","0.805","0.0","0.805","0.0","0.805","1995-2014","IPCC AR6 Sea Level Projections regional no-VLM confidence outputs","20210809","10.5281/zenodo.6382554","10.5281/zenodo.5914709","total_ssp585_medium_confidence_values.nc","sea_level_change","1902","medium_confidence","0.5","mm","False","direct_AR6_regional_total_excluding_background_VLM","zero_because_background_VLM_is_excluded_not_measured_zero","IPCC AR6 WGI Chapter 9 / NASA-IPCC AR6 projection convention","https://www.ipcc.ch/report/ar6/wg1/chapter/chapter-9/","AR6_noVLM_increment_plus_surge_not_absolute_datum","False","2026-08-06","PSMSL_1902_metric_mean_validated_by_HKO_predicted_tides","1998-2014","1.460454545","-0.533521024","PSMSL_RLR_Theil_Sen_trend_times_reference_midpoint_shift","-1.5","0.000535714","-0.0021875","0.002604167","0.927469235","0.116600812","1.732469235","1.615868424","1.849070047","station_H0_EGM2008_1995_2014 + slr_no_vlm_m + surge_m","False","1.481584263","1.480869977","0.553400742","SHEK_PIK","2.436478976","1.7389789759999998","3.2414789760000002","3.124878164","3.3580797880000004","max_observed_total_level_m_cd + chart_datum_to_egm2008_m + slr_no_vlm_m","False","OLS_linear_subsidence_connected_bathtub","GSHHG_2.3.7_full_resolution_pixel_center","base_flood_connected_event_NALGAE_SSP5m8p5_2100.tif","ols_flood_connected_event_NALGAE_SSP5m8p5_2100.tif","added_flood_connected_event_NALGAE_SSP5m8p5_2100.tif","2640.221266095627","2709.3378101157355","69.1165440201084","2025","fractional_flooded_area_per_population_cell","886113.2565622665","942431.0401943654","56317.78365685599","859157.2288151103","916019.9182018273","56862.689386717044","4.263256414560601e-14","-2.4757056962698698e-05"
"8","2017202N19124","2017","ROKE","WP","MM","65.667","2017-07-23 03:00:00","22.5","114.1","35.0","2017-07-22 12:00:00","998.0","2017-07-22 15:00:00","9","1","2017-07-23 03:00:00+00:00","2017-07-23 11:00:00","2017-07-21 11:00:00","2017-07-25 11:00:00","1153","HKO Chart Datum","observed_and_predicted_available","2.74","2017-07-23 08:05:00","2.540833333333333","0.1991666666666671","0.69","2017-07-24 12:40:00","1.97","SHEK_PIK","1902","22.22","113.89","SSP2-4.5","ssp245","2050","50","0.211","0.0","0.211","0.0","0.211","1995-2014","IPCC AR6 Sea Level Projections regional no-VLM confidence outputs","20210809","10.5281/zenodo.6382554","10.5281/zenodo.5914709","total_ssp245_medium_confidence_values.nc","sea_level_change","1902","medium_confidence","0.5","mm","False","direct_AR6_regional_total_excluding_background_VLM","zero_because_background_VLM_is_excluded_not_measured_zero","IPCC AR6 WGI Chapter 9 / NASA-IPCC AR6 projection convention","https://www.ipcc.ch/report/ar6/wg1/chapter/chapter-9/","AR6_noVLM_increment_plus_surge_not_absolute_datum","False","2026-08-06","PSMSL_1902_metric_mean_validated_by_HKO_predicted_tides","1998-2014","1.460454545","-0.533521024","PSMSL_RLR_Theil_Sen_trend_times_reference_midpoint_shift","-1.5","0.000535714","-0.0021875","0.002604167","0.927469235","0.116600812","1.138469235","1.021868424","1.255070047","station_H0_EGM2008_1995_2014 + slr_no_vlm_m + surge_m","False","1.481584263","1.480869977","0.553400742","SHEK_PIK","2.206478976","2.007312309333333","2.417478976","2.300878164","2.534079788","max_observed_total_level_m_cd + chart_datum_to_egm2008_m + slr_no_vlm_m","False","OLS_linear_subsidence_connected_bathtub","GSHHG_2.3.7_full_resolution_pixel_center","base_flood_connected_event_ROKE_SSP2m4p5_2050.tif","ols_flood_connected_event_ROKE_SSP2m4p5_2050.tif","added_flood_connected_event_ROKE_SSP2m4p5_2050.tif","2105.8811993669506","2168.9777381940075","63.09653882705704","2025","fractional_flooded_area_per_population_cell","406169.2717826617","431737.8189542657","25568.54715959732","386616.4337505838","412391.6788118292","25775.245061245398","-6.394884621840902e-14","1.2006683391518891e-05"
"8","2017202N19124","2017","ROKE","WP","MM","65.667","2017-07-23 03:00:00","22.5","114.1","35.0","2017-07-22 12:00:00","998.0","2017-07-22 15:00:00","9","1","2017-07-23 03:00:00+00:00","2017-07-23 11:00:00","2017-07-21 11:00:00","2017-07-25 11:00:00","1153","HKO Chart Datum","observed_and_predicted_available","2.74","2017-07-23 08:05:00","2.540833333333333","0.1991666666666671","0.69","2017-07-24 12:40:00","1.97","SHEK_PIK","1902","22.22","113.89","SSP2-4.5","ssp245","2100","50","0.588","0.0","0.588","0.0","0.588","1995-2014","IPCC AR6 Sea Level Projections regional no-VLM confidence outputs","20210809","10.5281/zenodo.6382554","10.5281/zenodo.5914709","total_ssp245_medium_confidence_values.nc","sea_level_change","1902","medium_confidence","0.5","mm","False","direct_AR6_regional_total_excluding_background_VLM","zero_because_background_VLM_is_excluded_not_measured_zero","IPCC AR6 WGI Chapter 9 / NASA-IPCC AR6 projection convention","https://www.ipcc.ch/report/ar6/wg1/chapter/chapter-9/","AR6_noVLM_increment_plus_surge_not_absolute_datum","False","2026-08-06","PSMSL_1902_metric_mean_validated_by_HKO_predicted_tides","1998-2014","1.460454545","-0.533521024","PSMSL_RLR_Theil_Sen_trend_times_reference_midpoint_shift","-1.5","0.000535714","-0.0021875","0.002604167","0.927469235","0.116600812","1.515469235","1.398868424","1.632070047","station_H0_EGM2008_1995_2014 + slr_no_vlm_m + surge_m","False","1.481584263","1.480869977","0.553400742","SHEK_PIK","2.206478976","2.007312309333333","2.794478976","2.677878164","2.9110797880000003","max_observed_total_level_m_cd + chart_datum_to_egm2008_m + slr_no_vlm_m","False","OLS_linear_subsidence_connected_bathtub","GSHHG_2.3.7_full_resolution_pixel_center","base_flood_connected_event_ROKE_SSP2m4p5_2100.tif","ols_flood_connected_event_ROKE_SSP2m4p5_2100.tif","added_flood_connected_event_ROKE_SSP2m4p5_2100.tif","2369.4226611997847","2465.3152513516225","95.89259015183774","2025","fractional_flooded_area_per_population_cell","602353.1583210353","668117.9860197254","65764.82770376501","578070.7065972383","642219.181091468","64148.474494229566","5.684341886080802e-14","-5.074893124401569e-06"
"8","2017202N19124","2017","ROKE","WP","MM","65.667","2017-07-23 03:00:00","22.5","114.1","35.0","2017-07-22 12:00:00","998.0","2017-07-22 15:00:00","9","1","2017-07-23 03:00:00+00:00","2017-07-23 11:00:00","2017-07-21 11:00:00","2017-07-25 11:00:00","1153","HKO Chart Datum","observed_and_predicted_available","2.74","2017-07-23 08:05:00","2.540833333333333","0.1991666666666671","0.69","2017-07-24 12:40:00","1.97","SHEK_PIK","1902","22.22","113.89","SSP5-8.5","ssp585","2050","50","0.24","0.0","0.24","0.0","0.24","1995-2014","IPCC AR6 Sea Level Projections regional no-VLM confidence outputs","20210809","10.5281/zenodo.6382554","10.5281/zenodo.5914709","total_ssp585_medium_confidence_values.nc","sea_level_change","1902","medium_confidence","0.5","mm","False","direct_AR6_regional_total_excluding_background_VLM","zero_because_background_VLM_is_excluded_not_measured_zero","IPCC AR6 WGI Chapter 9 / NASA-IPCC AR6 projection convention","https://www.ipcc.ch/report/ar6/wg1/chapter/chapter-9/","AR6_noVLM_increment_plus_surge_not_absolute_datum","False","2026-08-06","PSMSL_1902_metric_mean_validated_by_HKO_predicted_tides","1998-2014","1.460454545","-0.533521024","PSMSL_RLR_Theil_Sen_trend_times_reference_midpoint_shift","-1.5","0.000535714","-0.0021875","0.002604167","0.927469235","0.116600812","1.167469235","1.050868424","1.284070047","station_H0_EGM2008_1995_2014 + slr_no_vlm_m + surge_m","False","1.481584263","1.480869977","0.553400742","SHEK_PIK","2.206478976","2.007312309333333","2.446478976","2.3298781639999997","2.563079788","max_observed_total_level_m_cd + chart_datum_to_egm2008_m + slr_no_vlm_m","False","OLS_linear_subsidence_connected_bathtub","GSHHG_2.3.7_full_resolution_pixel_center","base_flood_connected_event_ROKE_SSP5m8p5_2050.tif","ols_flood_connected_event_ROKE_SSP5m8p5_2050.tif","added_flood_connected_event_ROKE_SSP5m8p5_2050.tif","2123.5622409991956","2185.665950159442","62.1037091602462","2025","fractional_flooded_area_per_population_cell","420277.9223677206","445579.1556522495","25301.233280226676","401382.43273258617","426402.99196537","25020.559232783853","3.836930773104541e-13","4.30227373726666e-06"
"8","2017202N19124","2017","ROKE","WP","MM","65.667","2017-07-23 03:00:00","22.5","114.1","35.0","2017-07-22 12:00:00","998.0","2017-07-22 15:00:00","9","1","2017-07-23 03:00:00+00:00","2017-07-23 11:00:00","2017-07-21 11:00:00","2017-07-25 11:00:00","1153","HKO Chart Datum","observed_and_predicted_available","2.74","2017-07-23 08:05:00","2.540833333333333","0.1991666666666671","0.69","2017-07-24 12:40:00","1.97","SHEK_PIK","1902","22.22","113.89","SSP5-8.5","ssp585","2100","50","0.805","0.0","0.805","0.0","0.805","1995-2014","IPCC AR6 Sea Level Projections regional no-VLM confidence outputs","20210809","10.5281/zenodo.6382554","10.5281/zenodo.5914709","total_ssp585_medium_confidence_values.nc","sea_level_change","1902","medium_confidence","0.5","mm","False","direct_AR6_regional_total_excluding_background_VLM","zero_because_background_VLM_is_excluded_not_measured_zero","IPCC AR6 WGI Chapter 9 / NASA-IPCC AR6 projection convention","https://www.ipcc.ch/report/ar6/wg1/chapter/chapter-9/","AR6_noVLM_increment_plus_surge_not_absolute_datum","False","2026-08-06","PSMSL_1902_metric_mean_validated_by_HKO_predicted_tides","1998-2014","1.460454545","-0.533521024","PSMSL_RLR_Theil_Sen_trend_times_reference_midpoint_shift","-1.5","0.000535714","-0.0021875","0.002604167","0.927469235","0.116600812","1.732469235","1.615868424","1.849070047","station_H0_EGM2008_1995_2014 + slr_no_vlm_m + surge_m","False","1.481584263","1.480869977","0.553400742","SHEK_PIK","2.206478976","2.007312309333333","3.0114789760000003","2.894878164","3.1280797880000004","max_observed_total_level_m_cd + chart_datum_to_egm2008_m + slr_no_vlm_m","False","OLS_linear_subsidence_connected_bathtub","GSHHG_2.3.7_full_resolution_pixel_center","base_flood_connected_event_ROKE_SSP5m8p5_2100.tif","ols_flood_connected_event_ROKE_SSP5m8p5_2100.tif","added_flood_connected_event_ROKE_SSP5m8p5_2100.tif","2508.148067222601","2586.2528699890486","78.10480276644746","2025","fractional_flooded_area_per_population_cell","739100.2276100519","799360.303398816","60260.07580349793","713693.4879449194","773452.8502941984","59759.362349278934","-7.105427357601002e-14","-1.4733763237018138e-05"
"7","2023271N14144","2023","KOINU","WP","MM","55.836","2023-10-08 19:00:00","21.7","113.6","90.0","2023-10-06 21:00:00","950.0","2023-10-06 21:00:00","50","28","2023-10-08 19:00:00+00:00","2023-10-09 03:00:00","2023-10-07 03:00:00","2023-10-11 03:00:00","1148","HKO Chart Datum","observed_and_predicted_available","2.64","2023-10-07 03:50:00","2.023333333333333","0.6166666666666667","0.6749999999999998","2023-10-07 07:10:00","1.89","SHEK_PIK","1902","22.22","113.89","SSP2-4.5","ssp245","2050","50","0.211","0.0","0.211","0.0","0.211","1995-2014","IPCC AR6 Sea Level Projections regional no-VLM confidence outputs","20210809","10.5281/zenodo.6382554","10.5281/zenodo.5914709","total_ssp245_medium_confidence_values.nc","sea_level_change","1902","medium_confidence","0.5","mm","False","direct_AR6_regional_total_excluding_background_VLM","zero_because_background_VLM_is_excluded_not_measured_zero","IPCC AR6 WGI Chapter 9 / NASA-IPCC AR6 projection convention","https://www.ipcc.ch/report/ar6/wg1/chapter/chapter-9/","AR6_noVLM_increment_plus_surge_not_absolute_datum","False","2026-08-06","PSMSL_1902_metric_mean_validated_by_HKO_predicted_tides","1998-2014","1.460454545","-0.533521024","PSMSL_RLR_Theil_Sen_trend_times_reference_midpoint_shift","-1.5","0.000535714","-0.0021875","0.002604167","0.927469235","0.116600812","1.138469235","1.021868424","1.255070047","station_H0_EGM2008_1995_2014 + slr_no_vlm_m + surge_m","False","1.481584263","1.480869977","0.553400742","SHEK_PIK","2.106478976","1.4898123093333329","2.317478976","2.2008781639999997","2.434079788","max_observed_total_level_m_cd + chart_datum_to_egm2008_m + slr_no_vlm_m","False","OLS_linear_subsidence_connected_bathtub","GSHHG_2.3.7_full_resolution_pixel_center","base_flood_connected_event_KOINU_SSP2m4p5_2050.tif","ols_flood_connected_event_KOINU_SSP2m4p5_2050.tif","added_flood_connected_event_KOINU_SSP2m4p5_2050.tif","2045.10461771133","2107.81014048655","62.70552277522009","2025","fractional_flooded_area_per_population_cell","370544.15153883566","394533.40078621265","23989.249248058946","352288.13741445425","376671.4880377685","24383.35062331427","-2.842170943040401e-14","-6.819645932409912e-07"
"7","2023271N14144","2023","KOINU","WP","MM","55.836","2023-10-08 19:00:00","21.7","113.6","90.0","2023-10-06 21:00:00","950.0","2023-10-06 21:00:00","50","28","2023-10-08 19:00:00+00:00","2023-10-09 03:00:00","2023-10-07 03:00:00","2023-10-11 03:00:00","1148","HKO Chart Datum","observed_and_predicted_available","2.64","2023-10-07 03:50:00","2.023333333333333","0.6166666666666667","0.6749999999999998","2023-10-07 07:10:00","1.89","SHEK_PIK","1902","22.22","113.89","SSP2-4.5","ssp245","2100","50","0.588","0.0","0.588","0.0","0.588","1995-2014","IPCC AR6 Sea Level Projections regional no-VLM confidence outputs","20210809","10.5281/zenodo.6382554","10.5281/zenodo.5914709","total_ssp245_medium_confidence_values.nc","sea_level_change","1902","medium_confidence","0.5","mm","False","direct_AR6_regional_total_excluding_background_VLM","zero_because_background_VLM_is_excluded_not_measured_zero","IPCC AR6 WGI Chapter 9 / NASA-IPCC AR6 projection convention","https://www.ipcc.ch/report/ar6/wg1/chapter/chapter-9/","AR6_noVLM_increment_plus_surge_not_absolute_datum","False","2026-08-06","PSMSL_1902_metric_mean_validated_by_HKO_predicted_tides","1998-2014","1.460454545","-0.533521024","PSMSL_RLR_Theil_Sen_trend_times_reference_midpoint_shift","-1.5","0.000535714","-0.0021875","0.002604167","0.927469235","0.116600812","1.515469235","1.398868424","1.632070047","station_H0_EGM2008_1995_2014 + slr_no_vlm_m + surge_m","False","1.481584263","1.480869977","0.553400742","SHEK_PIK","2.106478976","1.4898123093333329","2.694478976","2.577878164","2.8110797880000002","max_observed_total_level_m_cd + chart_datum_to_egm2008_m + slr_no_vlm_m","False","OLS_linear_subsidence_connected_bathtub","GSHHG_2.3.7_full_resolution_pixel_center","base_flood_connected_event_KOINU_SSP2m4p5_2100.tif","ols_flood_connected_event_KOINU_SSP2m4p5_2100.tif","added_flood_connected_event_KOINU_SSP2m4p5_2100.tif","2307.712444409506","2413.7561453147578","106.04370090525093","2025","fractional_flooded_area_per_population_cell","549370.4389195672","614718.7721435716","65348.333224354225","527313.8413719881","591627.5774981892","64313.73612620114","6.963318810448982e-13","-3.497407305985689e-07"
"7","2023271N14144","2023","KOINU","WP","MM","55.836","2023-10-08 19:00:00","21.7","113.6","90.0","2023-10-06 21:00:00","950.0","2023-10-06 21:00:00","50","28","2023-10-08 19:00:00+00:00","2023-10-09 03:00:00","2023-10-07 03:00:00","2023-10-11 03:00:00","1148","HKO Chart Datum","observed_and_predicted_available","2.64","2023-10-07 03:50:00","2.023333333333333","0.6166666666666667","0.6749999999999998","2023-10-07 07:10:00","1.89","SHEK_PIK","1902","22.22","113.89","SSP5-8.5","ssp585","2050","50","0.24","0.0","0.24","0.0","0.24","1995-2014","IPCC AR6 Sea Level Projections regional no-VLM confidence outputs","20210809","10.5281/zenodo.6382554","10.5281/zenodo.5914709","total_ssp585_medium_confidence_values.nc","sea_level_change","1902","medium_confidence","0.5","mm","False","direct_AR6_regional_total_excluding_background_VLM","zero_because_background_VLM_is_excluded_not_measured_zero","IPCC AR6 WGI Chapter 9 / NASA-IPCC AR6 projection convention","https://www.ipcc.ch/report/ar6/wg1/chapter/chapter-9/","AR6_noVLM_increment_plus_surge_not_absolute_datum","False","2026-08-06","PSMSL_1902_metric_mean_validated_by_HKO_predicted_tides","1998-2014","1.460454545","-0.533521024","PSMSL_RLR_Theil_Sen_trend_times_reference_midpoint_shift","-1.5","0.000535714","-0.0021875","0.002604167","0.927469235","0.116600812","1.167469235","1.050868424","1.284070047","station_H0_EGM2008_1995_2014 + slr_no_vlm_m + surge_m","False","1.481584263","1.480869977","0.553400742","SHEK_PIK","2.106478976","1.4898123093333329","2.346478976","2.229878164","2.4630797880000004","max_observed_total_level_m_cd + chart_datum_to_egm2008_m + slr_no_vlm_m","False","OLS_linear_subsidence_connected_bathtub","GSHHG_2.3.7_full_resolution_pixel_center","base_flood_connected_event_KOINU_SSP5m8p5_2050.tif","ols_flood_connected_event_KOINU_SSP5m8p5_2050.tif","added_flood_connected_event_KOINU_SSP5m8p5_2050.tif","2063.4796656294775","2125.261396748499","61.7817311190212","2025","fractional_flooded_area_per_population_cell","380810.8237176693","404575.7344356468","23764.91072396798","361793.0636371006","385976.06339361425","24182.99975651363","3.126388037344441e-13","-5.990477802697569e-06"
"7","2023271N14144","2023","KOINU","WP","MM","55.836","2023-10-08 19:00:00","21.7","113.6","90.0","2023-10-06 21:00:00","950.0","2023-10-06 21:00:00","50","28","2023-10-08 19:00:00+00:00","2023-10-09 03:00:00","2023-10-07 03:00:00","2023-10-11 03:00:00","1148","HKO Chart Datum","observed_and_predicted_available","2.64","2023-10-07 03:50:00","2.023333333333333","0.6166666666666667","0.6749999999999998","2023-10-07 07:10:00","1.89","SHEK_PIK","1902","22.22","113.89","SSP5-8.5","ssp585","2100","50","0.805","0.0","0.805","0.0","0.805","1995-2014","IPCC AR6 Sea Level Projections regional no-VLM confidence outputs","20210809","10.5281/zenodo.6382554","10.5281/zenodo.5914709","total_ssp585_medium_confidence_values.nc","sea_level_change","1902","medium_confidence","0.5","mm","False","direct_AR6_regional_total_excluding_background_VLM","zero_because_background_VLM_is_excluded_not_measured_zero","IPCC AR6 WGI Chapter 9 / NASA-IPCC AR6 projection convention","https://www.ipcc.ch/report/ar6/wg1/chapter/chapter-9/","AR6_noVLM_increment_plus_surge_not_absolute_datum","False","2026-08-06","PSMSL_1902_metric_mean_validated_by_HKO_predicted_tides","1998-2014","1.460454545","-0.533521024","PSMSL_RLR_Theil_Sen_trend_times_reference_midpoint_shift","-1.5","0.000535714","-0.0021875","0.002604167","0.927469235","0.116600812","1.732469235","1.615868424","1.849070047","station_H0_EGM2008_1995_2014 + slr_no_vlm_m + surge_m","False","1.481584263","1.480869977","0.553400742","SHEK_PIK","2.106478976","1.4898123093333329","2.911478976","2.794878164","3.0280797880000003","max_observed_total_level_m_cd + chart_datum_to_egm2008_m + slr_no_vlm_m","False","OLS_linear_subsidence_connected_bathtub","GSHHG_2.3.7_full_resolution_pixel_center","base_flood_connected_event_KOINU_SSP5m8p5_2100.tif","ols_flood_connected_event_KOINU_SSP5m8p5_2100.tif","added_flood_connected_event_KOINU_SSP5m8p5_2100.tif","2446.5224086373864","2531.5927834419454","85.0703748045589","2025","fractional_flooded_area_per_population_cell","674769.12423427","737277.6406094019","62508.51636657767","649595.0508048058","710379.9079574415","60784.8571526357","2.842170943040401e-14","8.554234227631241e-06"
"6","2025197N14131","2025","WIPHA","WP","MM","51.406","2025-07-20 06:00:00","21.8","113.3","73.0","2025-07-20 03:00:00","965.0","2025-07-20 03:00:00","15","4","2025-07-20 06:00:00+00:00","2025-07-20 14:00:00","2025-07-18 14:00:00","2025-07-22 14:00:00","1147","HKO Chart Datum","observed_and_predicted_available","2.64","2025-07-20 05:30:00","1.965","0.6750000000000003","1.0133333333333332","2025-07-20 11:55:00","1.76","SHEK_PIK","1902","22.22","113.89","SSP2-4.5","ssp245","2050","50","0.211","0.0","0.211","0.0","0.211","1995-2014","IPCC AR6 Sea Level Projections regional no-VLM confidence outputs","20210809","10.5281/zenodo.6382554","10.5281/zenodo.5914709","total_ssp245_medium_confidence_values.nc","sea_level_change","1902","medium_confidence","0.5","mm","False","direct_AR6_regional_total_excluding_background_VLM","zero_because_background_VLM_is_excluded_not_measured_zero","IPCC AR6 WGI Chapter 9 / NASA-IPCC AR6 projection convention","https://www.ipcc.ch/report/ar6/wg1/chapter/chapter-9/","AR6_noVLM_increment_plus_surge_not_absolute_datum","False","2026-08-06","PSMSL_1902_metric_mean_validated_by_HKO_predicted_tides","1998-2014","1.460454545","-0.533521024","PSMSL_RLR_Theil_Sen_trend_times_reference_midpoint_shift","-1.5","0.000535714","-0.0021875","0.002604167","0.927469235","0.116600812","1.138469235","1.021868424","1.255070047","station_H0_EGM2008_1995_2014 + slr_no_vlm_m + surge_m","False","1.481584263","1.480869977","0.553400742","SHEK_PIK","2.106478976","1.4314789760000002","2.317478976","2.2008781639999997","2.434079788","max_observed_total_level_m_cd + chart_datum_to_egm2008_m + slr_no_vlm_m","False","OLS_linear_subsidence_connected_bathtub","GSHHG_2.3.7_full_resolution_pixel_center","base_flood_connected_event_WIPHA_SSP2m4p5_2050.tif","ols_flood_connected_event_WIPHA_SSP2m4p5_2050.tif","added_flood_connected_event_WIPHA_SSP2m4p5_2050.tif","2045.10461771133","2107.81014048655","62.70552277522009","2025","fractional_flooded_area_per_population_cell","370544.15153883566","394533.40078621265","23989.249248058946","352288.13741445425","376671.4880377685","24383.35062331427","-2.842170943040401e-14","-6.819645932409912e-07"
"6","2025197N14131","2025","WIPHA","WP","MM","51.406","2025-07-20 06:00:00","21.8","113.3","73.0","2025-07-20 03:00:00","965.0","2025-07-20 03:00:00","15","4","2025-07-20 06:00:00+00:00","2025-07-20 14:00:00","2025-07-18 14:00:00","2025-07-22 14:00:00","1147","HKO Chart Datum","observed_and_predicted_available","2.64","2025-07-20 05:30:00","1.965","0.6750000000000003","1.0133333333333332","2025-07-20 11:55:00","1.76","SHEK_PIK","1902","22.22","113.89","SSP2-4.5","ssp245","2100","50","0.588","0.0","0.588","0.0","0.588","1995-2014","IPCC AR6 Sea Level Projections regional no-VLM confidence outputs","20210809","10.5281/zenodo.6382554","10.5281/zenodo.5914709","total_ssp245_medium_confidence_values.nc","sea_level_change","1902","medium_confidence","0.5","mm","False","direct_AR6_regional_total_excluding_background_VLM","zero_because_background_VLM_is_excluded_not_measured_zero","IPCC AR6 WGI Chapter 9 / NASA-IPCC AR6 projection convention","https://www.ipcc.ch/report/ar6/wg1/chapter/chapter-9/","AR6_noVLM_increment_plus_surge_not_absolute_datum","False","2026-08-06","PSMSL_1902_metric_mean_validated_by_HKO_predicted_tides","1998-2014","1.460454545","-0.533521024","PSMSL_RLR_Theil_Sen_trend_times_reference_midpoint_shift","-1.5","0.000535714","-0.0021875","0.002604167","0.927469235","0.116600812","1.515469235","1.398868424","1.632070047","station_H0_EGM2008_1995_2014 + slr_no_vlm_m + surge_m","False","1.481584263","1.480869977","0.553400742","SHEK_PIK","2.106478976","1.4314789760000002","2.694478976","2.577878164","2.8110797880000002","max_observed_total_level_m_cd + chart_datum_to_egm2008_m + slr_no_vlm_m","False","OLS_linear_subsidence_connected_bathtub","GSHHG_2.3.7_full_resolution_pixel_center","base_flood_connected_event_WIPHA_SSP2m4p5_2100.tif","ols_flood_connected_event_WIPHA_SSP2m4p5_2100.tif","added_flood_connected_event_WIPHA_SSP2m4p5_2100.tif","2307.712444409506","2413.7561453147578","106.04370090525093","2025","fractional_flooded_area_per_population_cell","549370.4389195672","614718.7721435716","65348.333224354225","527313.8413719881","591627.5774981892","64313.73612620114","6.963318810448982e-13","-3.497407305985689e-07"
"6","2025197N14131","2025","WIPHA","WP","MM","51.406","2025-07-20 06:00:00","21.8","113.3","73.0","2025-07-20 03:00:00","965.0","2025-07-20 03:00:00","15","4","2025-07-20 06:00:00+00:00","2025-07-20 14:00:00","2025-07-18 14:00:00","2025-07-22 14:00:00","1147","HKO Chart Datum","observed_and_predicted_available","2.64","2025-07-20 05:30:00","1.965","0.6750000000000003","1.0133333333333332","2025-07-20 11:55:00","1.76","SHEK_PIK","1902","22.22","113.89","SSP5-8.5","ssp585","2050","50","0.24","0.0","0.24","0.0","0.24","1995-2014","IPCC AR6 Sea Level Projections regional no-VLM confidence outputs","20210809","10.5281/zenodo.6382554","10.5281/zenodo.5914709","total_ssp585_medium_confidence_values.nc","sea_level_change","1902","medium_confidence","0.5","mm","False","direct_AR6_regional_total_excluding_background_VLM","zero_because_background_VLM_is_excluded_not_measured_zero","IPCC AR6 WGI Chapter 9 / NASA-IPCC AR6 projection convention","https://www.ipcc.ch/report/ar6/wg1/chapter/chapter-9/","AR6_noVLM_increment_plus_surge_not_absolute_datum","False","2026-08-06","PSMSL_1902_metric_mean_validated_by_HKO_predicted_tides","1998-2014","1.460454545","-0.533521024","PSMSL_RLR_Theil_Sen_trend_times_reference_midpoint_shift","-1.5","0.000535714","-0.0021875","0.002604167","0.927469235","0.116600812","1.167469235","1.050868424","1.284070047","station_H0_EGM2008_1995_2014 + slr_no_vlm_m + surge_m","False","1.481584263","1.480869977","0.553400742","SHEK_PIK","2.106478976","1.4314789760000002","2.346478976","2.229878164","2.4630797880000004","max_observed_total_level_m_cd + chart_datum_to_egm2008_m + slr_no_vlm_m","False","OLS_linear_subsidence_connected_bathtub","GSHHG_2.3.7_full_resolution_pixel_center","base_flood_connected_event_WIPHA_SSP5m8p5_2050.tif","ols_flood_connected_event_WIPHA_SSP5m8p5_2050.tif","added_flood_connected_event_WIPHA_SSP5m8p5_2050.tif","2063.4796656294775","2125.261396748499","61.7817311190212","2025","fractional_flooded_area_per_population_cell","380810.8237176693","404575.7344356468","23764.91072396798","361793.0636371006","385976.06339361425","24182.99975651363","3.126388037344441e-13","-5.990477802697569e-06"
"6","2025197N14131","2025","WIPHA","WP","MM","51.406","2025-07-20 06:00:00","21.8","113.3","73.0","2025-07-20 03:00:00","965.0","2025-07-20 03:00:00","15","4","2025-07-20 06:00:00+00:00","2025-07-20 14:00:00","2025-07-18 14:00:00","2025-07-22 14:00:00","1147","HKO Chart Datum","observed_and_predicted_available","2.64","2025-07-20 05:30:00","1.965","0.6750000000000003","1.0133333333333332","2025-07-20 11:55:00","1.76","SHEK_PIK","1902","22.22","113.89","SSP5-8.5","ssp585","2100","50","0.805","0.0","0.805","0.0","0.805","1995-2014","IPCC AR6 Sea Level Projections regional no-VLM confidence outputs","20210809","10.5281/zenodo.6382554","10.5281/zenodo.5914709","total_ssp585_medium_confidence_values.nc","sea_level_change","1902","medium_confidence","0.5","mm","False","direct_AR6_regional_total_excluding_background_VLM","zero_because_background_VLM_is_excluded_not_measured_zero","IPCC AR6 WGI Chapter 9 / NASA-IPCC AR6 projection convention","https://www.ipcc.ch/report/ar6/wg1/chapter/chapter-9/","AR6_noVLM_increment_plus_surge_not_absolute_datum","False","2026-08-06","PSMSL_1902_metric_mean_validated_by_HKO_predicted_tides","1998-2014","1.460454545","-0.533521024","PSMSL_RLR_Theil_Sen_trend_times_reference_midpoint_shift","-1.5","0.000535714","-0.0021875","0.002604167","0.927469235","0.116600812","1.732469235","1.615868424","1.849070047","station_H0_EGM2008_1995_2014 + slr_no_vlm_m + surge_m","False","1.481584263","1.480869977","0.553400742","SHEK_PIK","2.106478976","1.4314789760000002","2.911478976","2.794878164","3.0280797880000003","max_observed_total_level_m_cd + chart_datum_to_egm2008_m + slr_no_vlm_m","False","OLS_linear_subsidence_connected_bathtub","GSHHG_2.3.7_full_resolution_pixel_center","base_flood_connected_event_WIPHA_SSP5m8p5_2100.tif","ols_flood_connected_event_WIPHA_SSP5m8p5_2100.tif","added_flood_connected_event_WIPHA_SSP5m8p5_2100.tif","2446.5224086373864","2531.5927834419454","85.0703748045589","2025","fractional_flooded_area_per_population_cell","674769.12423427","737277.6406094019","62508.51636657767","649595.0508048058","710379.9079574415","60784.8571526357","2.842170943040401e-14","8.554234227631241e-06"
"5","2025184N20122","2025","DANAS","WP","MM","42.117","2025-07-11 00:00:00","22.5","113.8","64.0","2025-07-05 21:00:00","975.0","2025-07-05 21:00:00","24","2","2025-07-11 00:00:00+00:00","2025-07-11 08:00:00","2025-07-09 08:00:00","2025-07-13 08:00:00","1143","HKO Chart Datum","observed_and_predicted_available","2.63","2025-07-11 08:40:00","2.4066666666666667","0.2233333333333331","0.63","2025-07-11 13:10:00","1.54","SHEK_PIK","1902","22.22","113.89","SSP2-4.5","ssp245","2050","50","0.211","0.0","0.211","0.0","0.211","1995-2014","IPCC AR6 Sea Level Projections regional no-VLM confidence outputs","20210809","10.5281/zenodo.6382554","10.5281/zenodo.5914709","total_ssp245_medium_confidence_values.nc","sea_level_change","1902","medium_confidence","0.5","mm","False","direct_AR6_regional_total_excluding_background_VLM","zero_because_background_VLM_is_excluded_not_measured_zero","IPCC AR6 WGI Chapter 9 / NASA-IPCC AR6 projection convention","https://www.ipcc.ch/report/ar6/wg1/chapter/chapter-9/","AR6_noVLM_increment_plus_surge_not_absolute_datum","False","2026-08-06","PSMSL_1902_metric_mean_validated_by_HKO_predicted_tides","1998-2014","1.460454545","-0.533521024","PSMSL_RLR_Theil_Sen_trend_times_reference_midpoint_shift","-1.5","0.000535714","-0.0021875","0.002604167","0.927469235","0.116600812","1.138469235","1.021868424","1.255070047","station_H0_EGM2008_1995_2014 + slr_no_vlm_m + surge_m","False","1.481584263","1.480869977","0.553400742","SHEK_PIK","2.0964789759999998","1.8731456426666666","2.3074789759999996","2.1908781639999995","2.424079788","max_observed_total_level_m_cd + chart_datum_to_egm2008_m + slr_no_vlm_m","False","OLS_linear_subsidence_connected_bathtub","GSHHG_2.3.7_full_resolution_pixel_center","base_flood_connected_event_DANAS_SSP2m4p5_2050.tif","ols_flood_connected_event_DANAS_SSP2m4p5_2050.tif","added_flood_connected_event_DANAS_SSP2m4p5_2050.tif","2037.1440252071939","2102.2776560512148","65.1336308440203","2025","fractional_flooded_area_per_population_cell","367037.64858155703","391404.1077319125","24366.459153810425","349035.63134118635","373792.7283514459","24757.09701025954","5.968558980384842e-13","-3.4549411793705076e-06"
"5","2025184N20122","2025","DANAS","WP","MM","42.117","2025-07-11 00:00:00","22.5","113.8","64.0","2025-07-05 21:00:00","975.0","2025-07-05 21:00:00","24","2","2025-07-11 00:00:00+00:00","2025-07-11 08:00:00","2025-07-09 08:00:00","2025-07-13 08:00:00","1143","HKO Chart Datum","observed_and_predicted_available","2.63","2025-07-11 08:40:00","2.4066666666666667","0.2233333333333331","0.63","2025-07-11 13:10:00","1.54","SHEK_PIK","1902","22.22","113.89","SSP2-4.5","ssp245","2100","50","0.588","0.0","0.588","0.0","0.588","1995-2014","IPCC AR6 Sea Level Projections regional no-VLM confidence outputs","20210809","10.5281/zenodo.6382554","10.5281/zenodo.5914709","total_ssp245_medium_confidence_values.nc","sea_level_change","1902","medium_confidence","0.5","mm","False","direct_AR6_regional_total_excluding_background_VLM","zero_because_background_VLM_is_excluded_not_measured_zero","IPCC AR6 WGI Chapter 9 / NASA-IPCC AR6 projection convention","https://www.ipcc.ch/report/ar6/wg1/chapter/chapter-9/","AR6_noVLM_increment_plus_surge_not_absolute_datum","False","2026-08-06","PSMSL_1902_metric_mean_validated_by_HKO_predicted_tides","1998-2014","1.460454545","-0.533521024","PSMSL_RLR_Theil_Sen_trend_times_reference_midpoint_shift","-1.5","0.000535714","-0.0021875","0.002604167","0.927469235","0.116600812","1.515469235","1.398868424","1.632070047","station_H0_EGM2008_1995_2014 + slr_no_vlm_m + surge_m","False","1.481584263","1.480869977","0.553400742","SHEK_PIK","2.0964789759999998","1.8731456426666666","2.684478976","2.5678781639999997","2.801079788","max_observed_total_level_m_cd + chart_datum_to_egm2008_m + slr_no_vlm_m","False","OLS_linear_subsidence_connected_bathtub","GSHHG_2.3.7_full_resolution_pixel_center","base_flood_connected_event_DANAS_SSP2m4p5_2100.tif","ols_flood_connected_event_DANAS_SSP2m4p5_2100.tif","added_flood_connected_event_DANAS_SSP2m4p5_2100.tif","2302.1158874257103","2408.9734924262098","106.85760500049874","2025","fractional_flooded_area_per_population_cell","543446.304310324","608843.8144389098","65397.51012346583","521758.50013345474","586110.1309156131","64351.63078215849","7.247535904753022e-13","5.119909474160522e-06"
"5","2025184N20122","2025","DANAS","WP","MM","42.117","2025-07-11 00:00:00","22.5","113.8","64.0","2025-07-05 21:00:00","975.0","2025-07-05 21:00:00","24","2","2025-07-11 00:00:00+00:00","2025-07-11 08:00:00","2025-07-09 08:00:00","2025-07-13 08:00:00","1143","HKO Chart Datum","observed_and_predicted_available","2.63","2025-07-11 08:40:00","2.4066666666666667","0.2233333333333331","0.63","2025-07-11 13:10:00","1.54","SHEK_PIK","1902","22.22","113.89","SSP5-8.5","ssp585","2050","50","0.24","0.0","0.24","0.0","0.24","1995-2014","IPCC AR6 Sea Level Projections regional no-VLM confidence outputs","20210809","10.5281/zenodo.6382554","10.5281/zenodo.5914709","total_ssp585_medium_confidence_values.nc","sea_level_change","1902","medium_confidence","0.5","mm","False","direct_AR6_regional_total_excluding_background_VLM","zero_because_background_VLM_is_excluded_not_measured_zero","IPCC AR6 WGI Chapter 9 / NASA-IPCC AR6 projection convention","https://www.ipcc.ch/report/ar6/wg1/chapter/chapter-9/","AR6_noVLM_increment_plus_surge_not_absolute_datum","False","2026-08-06","PSMSL_1902_metric_mean_validated_by_HKO_predicted_tides","1998-2014","1.460454545","-0.533521024","PSMSL_RLR_Theil_Sen_trend_times_reference_midpoint_shift","-1.5","0.000535714","-0.0021875","0.002604167","0.927469235","0.116600812","1.167469235","1.050868424","1.284070047","station_H0_EGM2008_1995_2014 + slr_no_vlm_m + surge_m","False","1.481584263","1.480869977","0.553400742","SHEK_PIK","2.0964789759999998","1.8731456426666666","2.3364789759999995","2.2198781639999994","2.4530797879999997","max_observed_total_level_m_cd + chart_datum_to_egm2008_m + slr_no_vlm_m","False","OLS_linear_subsidence_connected_bathtub","GSHHG_2.3.7_full_resolution_pixel_center","base_flood_connected_event_DANAS_SSP5m8p5_2050.tif","ols_flood_connected_event_DANAS_SSP5m8p5_2050.tif","added_flood_connected_event_DANAS_SSP5m8p5_2050.tif","2055.7921875587626","2117.8217577209584","62.0295701621954","2025","fractional_flooded_area_per_population_cell","376764.3837425832","400565.1587793577","23800.77504570459","358013.6847501727","382261.10293986875","24247.418189696036","3.979039320256561e-13","-8.9301320258528e-06"
"5","2025184N20122","2025","DANAS","WP","MM","42.117","2025-07-11 00:00:00","22.5","113.8","64.0","2025-07-05 21:00:00","975.0","2025-07-05 21:00:00","24","2","2025-07-11 00:00:00+00:00","2025-07-11 08:00:00","2025-07-09 08:00:00","2025-07-13 08:00:00","1143","HKO Chart Datum","observed_and_predicted_available","2.63","2025-07-11 08:40:00","2.4066666666666667","0.2233333333333331","0.63","2025-07-11 13:10:00","1.54","SHEK_PIK","1902","22.22","113.89","SSP5-8.5","ssp585","2100","50","0.805","0.0","0.805","0.0","0.805","1995-2014","IPCC AR6 Sea Level Projections regional no-VLM confidence outputs","20210809","10.5281/zenodo.6382554","10.5281/zenodo.5914709","total_ssp585_medium_confidence_values.nc","sea_level_change","1902","medium_confidence","0.5","mm","False","direct_AR6_regional_total_excluding_background_VLM","zero_because_background_VLM_is_excluded_not_measured_zero","IPCC AR6 WGI Chapter 9 / NASA-IPCC AR6 projection convention","https://www.ipcc.ch/report/ar6/wg1/chapter/chapter-9/","AR6_noVLM_increment_plus_surge_not_absolute_datum","False","2026-08-06","PSMSL_1902_metric_mean_validated_by_HKO_predicted_tides","1998-2014","1.460454545","-0.533521024","PSMSL_RLR_Theil_Sen_trend_times_reference_midpoint_shift","-1.5","0.000535714","-0.0021875","0.002604167","0.927469235","0.116600812","1.732469235","1.615868424","1.849070047","station_H0_EGM2008_1995_2014 + slr_no_vlm_m + surge_m","False","1.481584263","1.480869977","0.553400742","SHEK_PIK","2.0964789759999998","1.8731456426666666","2.901478976","2.7848781639999998","3.018079788","max_observed_total_level_m_cd + chart_datum_to_egm2008_m + slr_no_vlm_m","False","OLS_linear_subsidence_connected_bathtub","GSHHG_2.3.7_full_resolution_pixel_center","base_flood_connected_event_DANAS_SSP5m8p5_2100.tif","ols_flood_connected_event_DANAS_SSP5m8p5_2100.tif","added_flood_connected_event_DANAS_SSP5m8p5_2100.tif","2440.7667933572516","2526.72964403069","85.96285067343868","2025","fractional_flooded_area_per_population_cell","667776.0318064777","730357.9059599654","62581.874141586166","642945.9301699774","703476.1867343067","60530.25656432938","-2.5579538487363607e-13","1.1901567631866783e-05"
"3","2017236N15129","2017","PAKHAR","WP","MM","36.767","2017-08-27 00:00:00","21.9","113.4","58.0","2017-08-26 21:00:00","981.0","2017-08-26 21:00:00","10","2","2017-08-27 00:00:00+00:00","2017-08-27 08:00:00","2017-08-25 08:00:00","2017-08-29 08:00:00","1110","HKO Chart Datum","observed_and_predicted_available","2.38","2017-08-27 11:35:00","1.8175","0.5624999999999998","0.895","2017-08-27 04:25:00","2.13","SHEK_PIK","1902","22.22","113.89","SSP2-4.5","ssp245","2050","50","0.211","0.0","0.211","0.0","0.211","1995-2014","IPCC AR6 Sea Level Projections regional no-VLM confidence outputs","20210809","10.5281/zenodo.6382554","10.5281/zenodo.5914709","total_ssp245_medium_confidence_values.nc","sea_level_change","1902","medium_confidence","0.5","mm","False","direct_AR6_regional_total_excluding_background_VLM","zero_because_background_VLM_is_excluded_not_measured_zero","IPCC AR6 WGI Chapter 9 / NASA-IPCC AR6 projection convention","https://www.ipcc.ch/report/ar6/wg1/chapter/chapter-9/","AR6_noVLM_increment_plus_surge_not_absolute_datum","False","2026-08-06","PSMSL_1902_metric_mean_validated_by_HKO_predicted_tides","1998-2014","1.460454545","-0.533521024","PSMSL_RLR_Theil_Sen_trend_times_reference_midpoint_shift","-1.5","0.000535714","-0.0021875","0.002604167","0.927469235","0.116600812","1.138469235","1.021868424","1.255070047","station_H0_EGM2008_1995_2014 + slr_no_vlm_m + surge_m","False","1.481584263","1.480869977","0.553400742","SHEK_PIK","1.8464789759999998","1.2839789759999998","2.0574789759999996","1.9408781639999997","2.174079788","max_observed_total_level_m_cd + chart_datum_to_egm2008_m + slr_no_vlm_m","False","OLS_linear_subsidence_connected_bathtub","GSHHG_2.3.7_full_resolution_pixel_center","base_flood_connected_event_PAKHAR_SSP2m4p5_2050.tif","ols_flood_connected_event_PAKHAR_SSP2m4p5_2050.tif","added_flood_connected_event_PAKHAR_SSP2m4p5_2050.tif","1820.841182227628","1913.1197719245886","92.27858969696078","2025","fractional_flooded_area_per_population_cell","265492.606041551","296155.2974182512","30662.691368772226","250768.44707707193","282020.7974035502","31252.35032647823","-1.9895196601282805e-13","7.928014383651316e-06"
"3","2017236N15129","2017","PAKHAR","WP","MM","36.767","2017-08-27 00:00:00","21.9","113.4","58.0","2017-08-26 21:00:00","981.0","2017-08-26 21:00:00","10","2","2017-08-27 00:00:00+00:00","2017-08-27 08:00:00","2017-08-25 08:00:00","2017-08-29 08:00:00","1110","HKO Chart Datum","observed_and_predicted_available","2.38","2017-08-27 11:35:00","1.8175","0.5624999999999998","0.895","2017-08-27 04:25:00","2.13","SHEK_PIK","1902","22.22","113.89","SSP2-4.5","ssp245","2100","50","0.588","0.0","0.588","0.0","0.588","1995-2014","IPCC AR6 Sea Level Projections regional no-VLM confidence outputs","20210809","10.5281/zenodo.6382554","10.5281/zenodo.5914709","total_ssp245_medium_confidence_values.nc","sea_level_change","1902","medium_confidence","0.5","mm","False","direct_AR6_regional_total_excluding_background_VLM","zero_because_background_VLM_is_excluded_not_measured_zero","IPCC AR6 WGI Chapter 9 / NASA-IPCC AR6 projection convention","https://www.ipcc.ch/report/ar6/wg1/chapter/chapter-9/","AR6_noVLM_increment_plus_surge_not_absolute_datum","False","2026-08-06","PSMSL_1902_metric_mean_validated_by_HKO_predicted_tides","1998-2014","1.460454545","-0.533521024","PSMSL_RLR_Theil_Sen_trend_times_reference_midpoint_shift","-1.5","0.000535714","-0.0021875","0.002604167","0.927469235","0.116600812","1.515469235","1.398868424","1.632070047","station_H0_EGM2008_1995_2014 + slr_no_vlm_m + surge_m","False","1.481584263","1.480869977","0.553400742","SHEK_PIK","1.8464789759999998","1.2839789759999998","2.434478976","2.3178781639999997","2.551079788","max_observed_total_level_m_cd + chart_datum_to_egm2008_m + slr_no_vlm_m","False","OLS_linear_subsidence_connected_bathtub","GSHHG_2.3.7_full_resolution_pixel_center","base_flood_connected_event_PAKHAR_SSP2m4p5_2100.tif","ols_flood_connected_event_PAKHAR_SSP2m4p5_2100.tif","added_flood_connected_event_PAKHAR_SSP2m4p5_2100.tif","2117.5375549122646","2251.5674190036016","134.029864091337","2025","fractional_flooded_area_per_population_cell","416524.7999661193","488977.06506034057","72452.26506035759","397570.8238413418","468667.06577268225","71096.24193134048","0.0","3.386368916835636e-05"
"3","2017236N15129","2017","PAKHAR","WP","MM","36.767","2017-08-27 00:00:00","21.9","113.4","58.0","2017-08-26 21:00:00","981.0","2017-08-26 21:00:00","10","2","2017-08-27 00:00:00+00:00","2017-08-27 08:00:00","2017-08-25 08:00:00","2017-08-29 08:00:00","1110","HKO Chart Datum","observed_and_predicted_available","2.38","2017-08-27 11:35:00","1.8175","0.5624999999999998","0.895","2017-08-27 04:25:00","2.13","SHEK_PIK","1902","22.22","113.89","SSP5-8.5","ssp585","2050","50","0.24","0.0","0.24","0.0","0.24","1995-2014","IPCC AR6 Sea Level Projections regional no-VLM confidence outputs","20210809","10.5281/zenodo.6382554","10.5281/zenodo.5914709","total_ssp585_medium_confidence_values.nc","sea_level_change","1902","medium_confidence","0.5","mm","False","direct_AR6_regional_total_excluding_background_VLM","zero_because_background_VLM_is_excluded_not_measured_zero","IPCC AR6 WGI Chapter 9 / NASA-IPCC AR6 projection convention","https://www.ipcc.ch/report/ar6/wg1/chapter/chapter-9/","AR6_noVLM_increment_plus_surge_not_absolute_datum","False","2026-08-06","PSMSL_1902_metric_mean_validated_by_HKO_predicted_tides","1998-2014","1.460454545","-0.533521024","PSMSL_RLR_Theil_Sen_trend_times_reference_midpoint_shift","-1.5","0.000535714","-0.0021875","0.002604167","0.927469235","0.116600812","1.167469235","1.050868424","1.284070047","station_H0_EGM2008_1995_2014 + slr_no_vlm_m + surge_m","False","1.481584263","1.480869977","0.553400742","SHEK_PIK","1.8464789759999998","1.2839789759999998","2.0864789759999995","1.9698781639999996","2.2030797879999997","max_observed_total_level_m_cd + chart_datum_to_egm2008_m + slr_no_vlm_m","False","OLS_linear_subsidence_connected_bathtub","GSHHG_2.3.7_full_resolution_pixel_center","base_flood_connected_event_PAKHAR_SSP5m8p5_2050.tif","ols_flood_connected_event_PAKHAR_SSP5m8p5_2050.tif","added_flood_connected_event_PAKHAR_SSP5m8p5_2050.tif","1839.731919121543","1943.44533819849","103.71341907694688","2025","fractional_flooded_area_per_population_cell","272766.6576486423","304482.9582606478","31716.3006079544","258155.16294313813","290319.0370763619","32163.87413322375","1.7053025658242404e-13","4.051064024679363e-06"
"3","2017236N15129","2017","PAKHAR","WP","MM","36.767","2017-08-27 00:00:00","21.9","113.4","58.0","2017-08-26 21:00:00","981.0","2017-08-26 21:00:00","10","2","2017-08-27 00:00:00+00:00","2017-08-27 08:00:00","2017-08-25 08:00:00","2017-08-29 08:00:00","1110","HKO Chart Datum","observed_and_predicted_available","2.38","2017-08-27 11:35:00","1.8175","0.5624999999999998","0.895","2017-08-27 04:25:00","2.13","SHEK_PIK","1902","22.22","113.89","SSP5-8.5","ssp585","2100","50","0.805","0.0","0.805","0.0","0.805","1995-2014","IPCC AR6 Sea Level Projections regional no-VLM confidence outputs","20210809","10.5281/zenodo.6382554","10.5281/zenodo.5914709","total_ssp585_medium_confidence_values.nc","sea_level_change","1902","medium_confidence","0.5","mm","False","direct_AR6_regional_total_excluding_background_VLM","zero_because_background_VLM_is_excluded_not_measured_zero","IPCC AR6 WGI Chapter 9 / NASA-IPCC AR6 projection convention","https://www.ipcc.ch/report/ar6/wg1/chapter/chapter-9/","AR6_noVLM_increment_plus_surge_not_absolute_datum","False","2026-08-06","PSMSL_1902_metric_mean_validated_by_HKO_predicted_tides","1998-2014","1.460454545","-0.533521024","PSMSL_RLR_Theil_Sen_trend_times_reference_midpoint_shift","-1.5","0.000535714","-0.0021875","0.002604167","0.927469235","0.116600812","1.732469235","1.615868424","1.849070047","station_H0_EGM2008_1995_2014 + slr_no_vlm_m + surge_m","False","1.481584263","1.480869977","0.553400742","SHEK_PIK","1.8464789759999998","1.2839789759999998","2.651478976","2.5348781639999998","2.768079788","max_observed_total_level_m_cd + chart_datum_to_egm2008_m + slr_no_vlm_m","False","OLS_linear_subsidence_connected_bathtub","GSHHG_2.3.7_full_resolution_pixel_center","base_flood_connected_event_PAKHAR_SSP5m8p5_2100.tif","ols_flood_connected_event_PAKHAR_SSP5m8p5_2100.tif","added_flood_connected_event_PAKHAR_SSP5m8p5_2100.tif","2278.0338634571685","2387.354464810371","109.32060135320239","2025","fractional_flooded_area_per_population_cell","523235.7067404925","592361.0420492818","69125.33528734522","501487.88677904906","569789.6153659258","68301.7285868768","2.2737367544323206e-13","2.1444051526486874e-05"
"9","2023239N18144","2023","HAIKUI","WP","MM","66.218","2023-09-06 21:00:00","22.7","113.9","35.0","2023-09-04 15:00:00","995.0","2023-09-04 15:00:00","48","2","2023-09-06 21:00:00+00:00","2023-09-07 05:00:00","2023-09-05 05:00:00","2023-09-09 05:00:00","1145","HKO Chart Datum","observed_and_predicted_available","2.19","2023-09-08 02:55:00","2.161666666666666","0.0283333333333333","0.3233333333333335","2023-09-08 06:35:00","1.84","SHEK_PIK","1902","22.22","113.89","SSP2-4.5","ssp245","2050","50","0.211","0.0","0.211","0.0","0.211","1995-2014","IPCC AR6 Sea Level Projections regional no-VLM confidence outputs","20210809","10.5281/zenodo.6382554","10.5281/zenodo.5914709","total_ssp245_medium_confidence_values.nc","sea_level_change","1902","medium_confidence","0.5","mm","False","direct_AR6_regional_total_excluding_background_VLM","zero_because_background_VLM_is_excluded_not_measured_zero","IPCC AR6 WGI Chapter 9 / NASA-IPCC AR6 projection convention","https://www.ipcc.ch/report/ar6/wg1/chapter/chapter-9/","AR6_noVLM_increment_plus_surge_not_absolute_datum","False","2026-08-06","PSMSL_1902_metric_mean_validated_by_HKO_predicted_tides","1998-2014","1.460454545","-0.533521024","PSMSL_RLR_Theil_Sen_trend_times_reference_midpoint_shift","-1.5","0.000535714","-0.0021875","0.002604167","0.927469235","0.116600812","1.138469235","1.021868424","1.255070047","station_H0_EGM2008_1995_2014 + slr_no_vlm_m + surge_m","False","1.481584263","1.480869977","0.553400742","SHEK_PIK","1.6564789759999998","1.628145642666666","1.867478976","1.750878164","1.9840797879999998","max_observed_total_level_m_cd + chart_datum_to_egm2008_m + slr_no_vlm_m","False","OLS_linear_subsidence_connected_bathtub","GSHHG_2.3.7_full_resolution_pixel_center","base_flood_connected_event_HAIKUI_SSP2m4p5_2050.tif","ols_flood_connected_event_HAIKUI_SSP2m4p5_2050.tif","added_flood_connected_event_HAIKUI_SSP2m4p5_2050.tif","1644.664640814241","1755.0375352967699","110.37289448252886","2025","fractional_flooded_area_per_population_cell","204756.18497566163","235887.47157698288","31131.286621415806","191172.30837269136","221891.62427713125","30719.31590443989","0.0","-2.009455783991143e-05"
"9","2023239N18144","2023","HAIKUI","WP","MM","66.218","2023-09-06 21:00:00","22.7","113.9","35.0","2023-09-04 15:00:00","995.0","2023-09-04 15:00:00","48","2","2023-09-06 21:00:00+00:00","2023-09-07 05:00:00","2023-09-05 05:00:00","2023-09-09 05:00:00","1145","HKO Chart Datum","observed_and_predicted_available","2.19","2023-09-08 02:55:00","2.161666666666666","0.0283333333333333","0.3233333333333335","2023-09-08 06:35:00","1.84","SHEK_PIK","1902","22.22","113.89","SSP2-4.5","ssp245","2100","50","0.588","0.0","0.588","0.0","0.588","1995-2014","IPCC AR6 Sea Level Projections regional no-VLM confidence outputs","20210809","10.5281/zenodo.6382554","10.5281/zenodo.5914709","total_ssp245_medium_confidence_values.nc","sea_level_change","1902","medium_confidence","0.5","mm","False","direct_AR6_regional_total_excluding_background_VLM","zero_because_background_VLM_is_excluded_not_measured_zero","IPCC AR6 WGI Chapter 9 / NASA-IPCC AR6 projection convention","https://www.ipcc.ch/report/ar6/wg1/chapter/chapter-9/","AR6_noVLM_increment_plus_surge_not_absolute_datum","False","2026-08-06","PSMSL_1902_metric_mean_validated_by_HKO_predicted_tides","1998-2014","1.460454545","-0.533521024","PSMSL_RLR_Theil_Sen_trend_times_reference_midpoint_shift","-1.5","0.000535714","-0.0021875","0.002604167","0.927469235","0.116600812","1.515469235","1.398868424","1.632070047","station_H0_EGM2008_1995_2014 + slr_no_vlm_m + surge_m","False","1.481584263","1.480869977","0.553400742","SHEK_PIK","1.6564789759999998","1.628145642666666","2.244478976","2.1278781639999997","2.361079788","max_observed_total_level_m_cd + chart_datum_to_egm2008_m + slr_no_vlm_m","False","OLS_linear_subsidence_connected_bathtub","GSHHG_2.3.7_full_resolution_pixel_center","base_flood_connected_event_HAIKUI_SSP2m4p5_2100.tif","ols_flood_connected_event_HAIKUI_SSP2m4p5_2100.tif","added_flood_connected_event_HAIKUI_SSP2m4p5_2100.tif","1983.8700305764332","2136.796608426679","152.92657785024534","2025","fractional_flooded_area_per_population_cell","341299.13960605866","407901.3230270057","66602.18342234637","324113.20836690994","390297.1996431447","66183.99127623471","5.115907697472721e-13","-1.3993121683597565e-06"
"9","2023239N18144","2023","HAIKUI","WP","MM","66.218","2023-09-06 21:00:00","22.7","113.9","35.0","2023-09-04 15:00:00","995.0","2023-09-04 15:00:00","48","2","2023-09-06 21:00:00+00:00","2023-09-07 05:00:00","2023-09-05 05:00:00","2023-09-09 05:00:00","1145","HKO Chart Datum","observed_and_predicted_available","2.19","2023-09-08 02:55:00","2.161666666666666","0.0283333333333333","0.3233333333333335","2023-09-08 06:35:00","1.84","SHEK_PIK","1902","22.22","113.89","SSP5-8.5","ssp585","2050","50","0.24","0.0","0.24","0.0","0.24","1995-2014","IPCC AR6 Sea Level Projections regional no-VLM confidence outputs","20210809","10.5281/zenodo.6382554","10.5281/zenodo.5914709","total_ssp585_medium_confidence_values.nc","sea_level_change","1902","medium_confidence","0.5","mm","False","direct_AR6_regional_total_excluding_background_VLM","zero_because_background_VLM_is_excluded_not_measured_zero","IPCC AR6 WGI Chapter 9 / NASA-IPCC AR6 projection convention","https://www.ipcc.ch/report/ar6/wg1/chapter/chapter-9/","AR6_noVLM_increment_plus_surge_not_absolute_datum","False","2026-08-06","PSMSL_1902_metric_mean_validated_by_HKO_predicted_tides","1998-2014","1.460454545","-0.533521024","PSMSL_RLR_Theil_Sen_trend_times_reference_midpoint_shift","-1.5","0.000535714","-0.0021875","0.002604167","0.927469235","0.116600812","1.167469235","1.050868424","1.284070047","station_H0_EGM2008_1995_2014 + slr_no_vlm_m + surge_m","False","1.481584263","1.480869977","0.553400742","SHEK_PIK","1.6564789759999998","1.628145642666666","1.8964789759999998","1.7798781639999999","2.0130797879999998","max_observed_total_level_m_cd + chart_datum_to_egm2008_m + slr_no_vlm_m","False","OLS_linear_subsidence_connected_bathtub","GSHHG_2.3.7_full_resolution_pixel_center","base_flood_connected_event_HAIKUI_SSP5m8p5_2050.tif","ols_flood_connected_event_HAIKUI_SSP5m8p5_2050.tif","added_flood_connected_event_HAIKUI_SSP5m8p5_2050.tif","1672.1565048261377","1779.5589422463959","107.40243742025811","2025","fractional_flooded_area_per_population_cell","214193.27351471523","245129.9072391577","30936.63373385737","199856.89901340948","230413.50680296138","30556.607789551894","2.842170943040401e-14","-9.414889063918963e-06"
"9","2023239N18144","2023","HAIKUI","WP","MM","66.218","2023-09-06 21:00:00","22.7","113.9","35.0","2023-09-04 15:00:00","995.0","2023-09-04 15:00:00","48","2","2023-09-06 21:00:00+00:00","2023-09-07 05:00:00","2023-09-05 05:00:00","2023-09-09 05:00:00","1145","HKO Chart Datum","observed_and_predicted_available","2.19","2023-09-08 02:55:00","2.161666666666666","0.0283333333333333","0.3233333333333335","2023-09-08 06:35:00","1.84","SHEK_PIK","1902","22.22","113.89","SSP5-8.5","ssp585","2100","50","0.805","0.0","0.805","0.0","0.805","1995-2014","IPCC AR6 Sea Level Projections regional no-VLM confidence outputs","20210809","10.5281/zenodo.6382554","10.5281/zenodo.5914709","total_ssp585_medium_confidence_values.nc","sea_level_change","1902","medium_confidence","0.5","mm","False","direct_AR6_regional_total_excluding_background_VLM","zero_because_background_VLM_is_excluded_not_measured_zero","IPCC AR6 WGI Chapter 9 / NASA-IPCC AR6 projection convention","https://www.ipcc.ch/report/ar6/wg1/chapter/chapter-9/","AR6_noVLM_increment_plus_surge_not_absolute_datum","False","2026-08-06","PSMSL_1902_metric_mean_validated_by_HKO_predicted_tides","1998-2014","1.460454545","-0.533521024","PSMSL_RLR_Theil_Sen_trend_times_reference_midpoint_shift","-1.5","0.000535714","-0.0021875","0.002604167","0.927469235","0.116600812","1.732469235","1.615868424","1.849070047","station_H0_EGM2008_1995_2014 + slr_no_vlm_m + surge_m","False","1.481584263","1.480869977","0.553400742","SHEK_PIK","1.6564789759999998","1.628145642666666","2.461478976","2.344878164","2.578079788","max_observed_total_level_m_cd + chart_datum_to_egm2008_m + slr_no_vlm_m","False","OLS_linear_subsidence_connected_bathtub","GSHHG_2.3.7_full_resolution_pixel_center","base_flood_connected_event_HAIKUI_SSP5m8p5_2100.tif","ols_flood_connected_event_HAIKUI_SSP5m8p5_2100.tif","added_flood_connected_event_HAIKUI_SSP5m8p5_2100.tif","2131.6286577429255","2263.558344924104","131.92968718117876","2025","fractional_flooded_area_per_population_cell","426007.76944137167","498370.93138602824","72363.1619113375","406714.3996491972","477676.5045106984","70962.1048615012","-3.126388037344441e-13","3.33190691890195e-05"
